item,case_id,direction,category,source,reference,system,translation,adequacy_1_5,fluency_1_5,terminology_1_5,worst_error_severity,error_types,omissions_additions,comment
1,RA-GEN-030,ru-ar,general,Компания объявила о наборе новых сотрудников.,أعلنت الشركة عن توظيف موظفين جدد.,A,أعلنت الشركة عن توظيف موظفين جدد.,,,,,,,
2,RA-LIT-017,ru-ar,literary,"Ему казалось, что если он не обернётся, то прошлое так и останется за спиной, как город, который исчезает в зеркале заднего вида.",كان يخيَّل إليه أنه إن لم يلتفت فسيبقى الماضي خلفه، كمدينة تختفي في المرآة الخلفية.,A,"emed el-3a7s el-3ala an 3inda ma yu3a7id, yastawqa al-ma7d el-3ala 3adna3ihi, kama ma7ram yastawqa fi zir3a al-ma7d.",,,,,,,
3,RA-SCI-015,ru-ar,science_tech,"Модель обучалась на корпусе из 2 миллионов предложений, однако её точность на новых данных оказалась ниже ожидаемой.",دُرّب النموذج على مدوّنة تضم 2 مليون جملة، إلا أن دقته على البيانات الجديدة جاءت أقل من المتوقع.,A,تم تدريب النموذج على مجموعة بيانات تحتوي على مليونين من الجمل، ولكن دقتها على البيانات الجديدة كانت أقل من المتوقع.,,,,,,,
4,AR-AMB-011,ar-ru,polysemy_idioms,عاد بخفي حنين.,Он вернулся ни с чем.,A,Вернулся скрытый тоск.,,,,,,,
5,RA-GEN-018,ru-ar,general,Наш дом стоит на берегу моря.,يقع بيتنا على شاطئ البحر.,A,يقف منزلنا على شاطئ البحر.,,,,,,,
6,AR-GEN-021,ar-ru,general,إذا انتهيت من عملك مبكرًا فتعال إلينا لتناول العشاء.,"Если рано закончишь работу, приходи к нам на ужин.",B,"Если вы закончите работу раньше, приходите к нам на ужин.",,,,,,,
7,RA-LIT-010,ru-ar,literary,"Каждое слово давалось ей с трудом, словно она поднимала тяжёлые камни.",كانت كل كلمة تخرج منها بصعوبة، كأنها ترفع حجارة ثقيلة.,A,كان كل كلمة تُؤثّر عليها بصعوبة، وكأنّها ترفع أحجاراً ثقيلاً.,,,,,,,
8,AR-POL-006,ar-ru,official_political,أصدر الملك مرسومًا ملكيًا.,Король издал королевский указ.,A,Король издал королевский указ.,,,,,,,
9,AR-SCI-013,ar-ru,science_tech,أُطلق المسبار نحو المريخ في يوليو.,Зонд был запущен к Марсу в июле.,A,Марсоход был запущен в июле.,,,,,,,
10,AR-NND-009,ar-ru,negation_numbers_dates_names,تقلع الرحلة في الساعة 23:15 وتصل في الساعة 04:40.,Рейс вылетает в 23:15 и прибывает в 04:40.,A,"Вылет рейса в 23:15, прибытие в 04:40.",,,,,,,
11,AR-POL-015,ar-ru,official_political,بلغت نسبة الإقبال على التصويت 48 في المئة.,Явка избирателей составила 48 процентов.,B,Уровень явки на выборы составил 48 процентов.,,,,,,,
12,RA-GEN-047,ru-ar,general,"Туристы, которые хотят посетить крепость, должны заранее купить билеты, поскольку число посетителей ограничено.",يجب على السياح الراغبين في زيارة القلعة شراء التذاكر مسبقًا، لأن عدد الزوار محدود.,A,يجب على السياح الذين يرغبون في زيارة القلعة شراء التذاكر مسبقًا، لأن عدد الزوار محدود.,,,,,,,
13,AR-SCI-016,ar-ru,science_tech,إذا انخفضت درجة الحرارة دون الصفر فإن الماء يتحول إلى جليد ويزداد حجمه.,"Если температура опускается ниже нуля, вода превращается в лёд и увеличивается в объёме.",B,"Если температура понижается ниже нуля, вода превращается в лёд и увеличивается в объёме.",,,,,,,
14,RA-LIT-008,ru-ar,literary,"Он вспомнил запах хлеба, который по утрам пекла мать.",تذكّر رائحة الخبز الذي كانت أمه تخبزه في الصباح.,A,تذكر رائحة الخبز التي كانت تخبزها الأم في الصباح الباكر.,,,,,,,
15,AR-SCI-015,ar-ru,science_tech,اختُبر النظام على 1500 عينة، وبلغت دقته في التصنيف 94.3 في المئة.,"Система была протестирована на 1500 образцах, точность классификации составила 94,3 процента.",B,"Система была протестирована на 1500 образцах, и её точность классификации составила 94,3 процента.",,,,,,,
16,AR-MIL-009,ar-ru,military,انسحبت القوات إلى مواقعها السابقة وفق الاتفاق.,Войска отошли на прежние позиции в соответствии с соглашением.,B,Силы отступили на свои прежние позиции в соответствии с соглашением.,,,,,,,
17,AR-SCI-009,ar-ru,science_tech,يؤدي ذوبان الجليد في القطبين إلى ارتفاع مستوى سطح البحر.,Таяние льдов на полюсах приводит к повышению уровня моря.,A,Расплавление льда на полюсах приводит к повышению уровня моря.,,,,,,,
18,RA-SCI-001,ru-ar,science_tech,Вода кипит при ста градусах Цельсия.,يغلي الماء عند مئة درجة مئوية.,B,تغلي الماء عند مئة درجات مئوية.,,,,,,,
19,RA-POL-002,ru-ar,official_political,Президент подписал указ.,وقّع الرئيس مرسومًا.,A,الرئيس وقّع مرسومًا.,,,,,,,
20,AR-MIL-016,ar-ru,military,تشمل الاتفاقية تدريب الطيارين وصيانة الطائرات ونقل التكنولوجيا العسكرية.,"Соглашение предусматривает подготовку пилотов, техническое обслуживание самолётов и передачу военных технологий.",B,"Соглашение включает в себя обучение пилотов, техническое обслуживание самолетов и передачу военной технологии.",,,,,,,
21,RA-NND-005,ru-ar,negation_numbers_dates_names,Нельзя курить в здании.,يُمنع التدخين داخل المبنى.,B,لا يسمح بالتدخين في المبنى.,,,,,,,
22,RA-MIL-007,ru-ar,military,Командование сообщило о завершении первого этапа совместных военно-морских учений.,أعلنت القيادة انتهاء المرحلة الأولى من المناورات البحرية المشتركة.,A,أعلن القيادة عن إتمام المرحلة الأولى من التدريبات البحرية المشتركة.,,,,,,,
23,AR-POL-018,ar-ru,official_political,أحال البرلمان مشروع القانون إلى اللجنة المختصة.,Парламент передал законопроект в профильный комитет.,B,Парламент направил законопроект в соответствующую комиссию.,,,,,,,
24,RA-AMB-017,ru-ar,polysemy_idioms,Военная операция продолжалась три дня.,استمرت العملية العسكرية ثلاثة أيام.,A,استمرت العملية العسكرية ثلاثة أيام.,,,,,,,
25,AR-SCI-006,ar-ru,science_tech,تنتقل العدوى عن طريق الهواء.,Инфекция передаётся воздушным путём.,A,Зараза передаётся воздушно-капельным путём.,,,,,,,
26,RA-DIP-016,ru-ar,diplomatic,Россия и Египет договорились продолжить консультации на уровне заместителей министров иностранных дел.,اتفقت روسيا ومصر على مواصلة المشاورات على مستوى نواب وزيري الخارجية.,A,روسيا ومصر اتفقتا على استمرار المشاورات على مستوى نواب وزراء الخارجية.,,,,,,,
27,RA-LIT-004,ru-ar,literary,Ночь была тёмной и беззвёздной.,كان الليل مظلمًا خاليًا من النجوم.,A,كانت الليلة داكنة وغائمة.,,,,,,,
28,RA-MIL-011,ru-ar,military,"Береговая охрана задержала судно, нарушившее территориальные воды.",احتجز خفر السواحل سفينة انتهكت المياه الإقليمية.,A,اعتقلت الشرطة الساحلية السفينة التي انتهكت المياه الإقليمية.,,,,,,,
29,AR-POL-011,ar-ru,official_political,ناقش مجلس الوزراء في جلسته الأسبوعية مشروع قانون الاستثمار.,На своём еженедельном заседании совет министров обсудил законопроект об инвестициях.,B,Премьер-министр обсудил в ходе заседания проект закона об инвестициях.,,,,,,,
30,AR-SCI-020,ar-ru,science_tech,نُشرت الشيفرة المصدرية للنموذج تحت رخصة مفتوحة لإتاحة التحقق المستقل من النتائج.,"Исходный код модели опубликован под открытой лицензией, чтобы результаты можно было независимо проверить.",B,Исходный код модели был опубликован под открытой лицензией для обеспечения независимой проверки результатов.,,,,,,,
31,RA-SCI-017,ru-ar,science_tech,Для обеспечения воспроизводимости все исходные данные и программный код размещены в открытом репозитории.,لضمان قابلية التكرار، أُتيحت جميع البيانات الأصلية والشيفرة البرمجية في مستودع مفتوح.,B,لضمان التكرار، تم نشر جميع البيانات الأولية والكود البرمجي في مستودع مفتوح.,,,,,,,
32,RA-DIP-012,ru-ar,diplomatic,Лига арабских государств приветствовала достигнутое соглашение.,رحّبت جامعة الدول العربية بالاتفاق الذي تم التوصل إليه.,A,الليга العربية رحبت بالاتفاق الذي تم تحقيقه.,,,,,,,
33,AR-AMB-012,ar-ru,polysemy_idioms,يده طويلة في الحكومة.,У него большое влияние в правительстве.,A,У него длинные руки в правительстве.,,,,,,,
34,RA-GEN-039,ru-ar,general,"Мне трудно понять, почему он отказался от такого предложения.",يصعب عليّ أن أفهم لماذا رفض مثل هذا العرض.,A,من الصعب عليّ أن أفهم لماذا رفض هذا العرض.,,,,,,,
35,RA-NND-018,ru-ar,negation_numbers_dates_names,"Бюджет на 2027 год предусматривает расходы в размере 41,6 трлн рублей и дефицит 1,2% ВВП.",تنص موازنة عام 2027 على نفقات بقيمة 41.6 تريليون روبل وعجز بنسبة 1.2% من الناتج المحلي الإجمالي.,B,"يتضمن الميزانية لعام 2027 نفقات بقيمة 41,6 تريليون روبل وعجز بنسبة 1,2% من الناتج المحلي الإجمالي.",,,,,,,
36,RA-NND-016,ru-ar,negation_numbers_dates_names,"Ни Катар, ни Египет не подтвердили эту информацию.",لم تؤكد قطر ولا مصر هذه المعلومات.,A,لم يؤكد قطر ولا مصر هذه المعلومات.,,,,,,,
37,RA-GEN-038,ru-ar,general,Автобусы ходят каждые пятнадцать минут.,تمر الحافلات كل خمس عشرة دقيقة.,B,تسير الحافلات كل خمس عشرة دقيقة.,,,,,,,
38,RA-MIL-006,ru-ar,military,Генеральный штаб опроверг эти сообщения.,نفت هيئة الأركان العامة هذه الأنباء.,A,نفى القيادة العامة هذه الأخبار.,,,,,,,
39,RA-DIP-011,ru-ar,diplomatic,Посольство рекомендовало гражданам воздержаться от поездок в приграничные районы.,أوصت السفارة المواطنين بالامتناع عن السفر إلى المناطق الحدودية.,A,أنشأ الدائرة الدبلوماسية توصية للمواطنين بالامتناع عن السفر إلى المناطق الحدودية.,,,,,,,
40,RA-AMB-001,ru-ar,polysemy_idioms,ключ,مفتاح,B,مفتاح,,,,,,,
41,RA-AMB-009,ru-ar,polysemy_idioms,Охотник натянул лук и выпустил стрелу.,شدّ الصياد قوسه وأطلق السهم.,A,نَطَقَ الصَّيْدُ الرَّمْيَ وَأَخْرَجَ السَّيْفَ.,,,,,,,
42,RA-GEN-049,ru-ar,general,"Если бы я знал об этом раньше, я бы обязательно предупредил тебя.",لو كنت أعلم بذلك من قبل لحذّرتك بالتأكيد.,B,لو كنتُ أعلم بهذا من قبل، لكانتُ قد حذّرتُكِ بالتأكيد.,,,,,,,
43,AR-SCI-003,ar-ru,science_tech,القمر هو التابع الطبيعي الوحيد للأرض.,Луна — единственный естественный спутник Земли.,B,Луна — единственный естественный спутник Земли.,,,,,,,
44,RA-POL-027,ru-ar,official_political,"Комиссия рекомендовала правительству пересмотреть систему распределения субсидий, чтобы помощь получали прежде всего малообеспеченные семьи.",أوصت اللجنة الحكومة بمراجعة نظام توزيع الدعم بحيث تصل المساعدات في المقام الأول إلى الأسر محدودة الدخل.,B,أوصت اللجنة الحكومة بمراجعة نظام توزيع المنح بحيث تُمنح المساعدة في المقام الأول للأسر ذات الدخل المحدود.,,,,,,,
45,RA-POL-020,ru-ar,official_political,Правительство ввело чрезвычайное положение в трёх провинциях.,أعلنت الحكومة حالة الطوارئ في ثلاث محافظات.,B,أعلنت الحكومة حالة الطوارئ في ثلاث ولايات.,,,,,,,
46,AR-SCI-005,ar-ru,science_tech,تعتمد الحواسيب الحديثة على أشباه الموصلات.,Современные компьютеры основаны на полупроводниках.,B,Современные компьютеры основаны на полупроводниках.,,,,,,,
47,RA-SCI-013,ru-ar,science_tech,Спутник выведен на орбиту высотой 500 километров.,وُضع القمر الصناعي في مدار على ارتفاع 500 كيلومتر.,B,أُطلق القمر الصناعي إلى مدار على ارتفاع 500 كيلومتر.,,,,,,,
48,AR-AMB-013,ar-ru,polysemy_idioms,فلان خفيف الظل.,Такой-то обаятелен и остроумен.,A,Флан — человек с легким характером.,,,,,,,
49,AR-GEN-040,ar-ru,general,ستُقام الحفلة في حديقة الجامعة.,Праздник пройдёт в университетском саду.,B,Банкет состоится в саду университета.,,,,,,,
50,AR-LIT-009,ar-ru,literary,كان القارب يتمايل على صفحة الماء كورقة شجر.,"Лодка покачивалась на глади воды, словно лист.",A,"Корабль качался на поверхности воды, словно лист дерева.",,,,,,,
51,AR-POL-022,ar-ru,official_political,شكّل الرئيس لجنة للتحقيق في أسباب الأزمة.,Президент создал комиссию для расследования причин кризиса.,B,Президент создал комиссию для расследования причин кризиса.,,,,,,,
52,AR-POL-009,ar-ru,official_political,حصل الحزب على أربعين مقعدًا.,Партия получила сорок мест.,A,Партия получила сорок мест.,,,,,,,
53,AR-GEN-006,ar-ru,general,أشرب القهوة كل صباح.,Я пью кофе каждое утро.,B,Я пью кофе каждое утро.,,,,,,,
54,RA-MIL-018,ru-ar,military,Миротворческий контингент обеспечивает безопасность гуманитарных конвоев и контролирует соблюдение перемирия.,تتولى قوة حفظ السلام تأمين القوافل الإنسانية ومراقبة الالتزام بالهدنة.,A,يقوم الانتشار الهدفي بتأمين سلامة رحلات الإغاثة ويراقب الالتزام بالهدنة.,,,,,,,
55,AR-NND-011,ar-ru,negation_numbers_dates_names,بلغ عدد سكان دبي 3.8 مليون نسمة.,"Население Дубая достигло 3,8 миллиона человек.",A,"Численность населения Дубая составила 3,8 миллиона человек.",,,,,,,
56,RA-POL-022,ru-ar,official_political,Парламентская комиссия начала расследование обстоятельств сделки.,بدأت لجنة برلمانية تحقيقًا في ملابسات الصفقة.,B,بدأت لجنة البرلمان التحقيق في ظروف الصفقة.,,,,,,,
57,AR-DIP-003,ar-ru,diplomatic,بحث الجانبان سبل تعزيز العلاقات الثنائية.,Стороны обсудили пути укрепления двусторонних отношений.,A,Оба стороны обсудили пути укрепления двусторонних отношений.,,,,,,,
58,RA-NND-002,ru-ar,negation_numbers_dates_names,Я никогда не был в Каире.,لم أزر القاهرة قط.,A,لم أكن أبداً في القاهرة.,,,,,,,
59,AR-NND-001,ar-ru,negation_numbers_dates_names,لم يتصل بي أحد.,Мне никто не звонил.,B,Никто не связался со мной.,,,,,,,
60,RA-DIP-001,ru-ar,diplomatic,Посол вручил верительные грамоты.,قدّم السفير أوراق اعتماده.,B,أودع السفير أوراق الاعتماد.,,,,,,,
61,RA-LIT-019,ru-ar,literary,"Он писал медленно, взвешивая каждое слово, как ювелир взвешивает золото.",كان يكتب ببطء، يزن كل كلمة كما يزن الصائغ الذهب.,B,كتب ببطء، يزن كل كلمة كما يزن الصانع المجوهرات الذهب.,,,,,,,
62,AR-MIL-013,ar-ru,military,تتولى قوات حفظ السلام مراقبة المنطقة العازلة.,Миротворческие силы осуществляют контроль над буферной зоной.,A,Покойные силы мира наблюдают за зоной разведения.,,,,,,,
63,RA-MIL-013,ru-ar,military,Пилоты отработали дозаправку в воздухе.,تدرّب الطيارون على التزود بالوقود جوًا.,B,أكمل الطيارون تدريبهم على التزود بالوقود في الجو.,,,,,,,
64,AR-LIT-008,ar-ru,literary,تذكّرت صوت أبيها وهو يقرأ لها الحكايات قبل النوم.,"Она вспомнила голос отца, читавшего ей сказки перед сном.",A,"Она вспомнила голос своего отца, когда он читал ей сказки перед сном.",,,,,,,
65,AR-DIP-011,ar-ru,diplomatic,قدّم المبعوث الأممي إحاطة إلى مجلس الأمن حول تطورات العملية السياسية.,Специальный посланник ООН проинформировал Совет Безопасности о ходе политического процесса.,A,Посол ООН представил Совету Безопасности брифинг о ходе политических процессов.,,,,,,,
66,RA-SCI-007,ru-ar,science_tech,"Исследователи разработали алгоритм, который распознаёт речь с высокой точностью.",طوّر الباحثون خوارزمية تتعرف على الكلام بدقة عالية.,A,طور الباحثون خوارزمية تتمكّن من التعرف على الكلام بدقة عالية.,,,,,,,
67,RA-MIL-010,ru-ar,military,Министерство обороны заключило контракт на поставку бронетранспортёров.,أبرمت وزارة الدفاع عقدًا لتوريد ناقلات جند مدرعة.,A,وزارتا الدفاع وقعتا عقدًا لتقديم دبابات ناقلة.,,,,,,,
68,RA-GEN-046,ru-ar,general,"Она призналась, что боялась выступать перед публикой, но после первых аплодисментов почувствовала уверенность.",اعترفت بأنها كانت تخشى التحدث أمام الجمهور، لكنها شعرت بالثقة بعد التصفيق الأول.,B,أقرت أنها كانت تخشى التحدث أمام الجمهور، لكنها شعرت بالثقة بعد أول تصفيق.,,,,,,,
69,RA-LIT-012,ru-ar,literary,Время в этом городке словно остановилось.,كأن الزمن قد توقف في هذه البلدة الصغيرة.,B,تبدو وكأن الزمن قد توقف في هذا البلدة.,,,,,,,
70,AR-AMB-008,ar-ru,polysemy_idioms,طلب العلم فريضة على كل مسلم.,Стремление к знанию — обязанность каждого мусульманина.,A,Изучение науки является фарзом для каждого мусульманина.,,,,,,,
71,AR-GEN-041,ar-ru,general,عندما وصلنا إلى القرية كان الظلام قد حلّ، فاستقبلنا أهلها بالمصابيح وقادونا إلى بيت الضيافة.,"Когда мы добрались до деревни, уже стемнело, и жители встретили нас с фонарями и проводили в гостевой дом.",A,"Когда мы прибыли в деревню, темнота уже настала, и жители встретили нас фонарями и проводили в гостевой дом.",,,,,,,
72,AR-GEN-019,ar-ru,general,عادت الأم من السوق بالخضار.,Мать вернулась с рынка с овощами.,B,Мать вернулась из рынка с овощами.,,,,,,,
73,RA-GEN-046,ru-ar,general,"Она призналась, что боялась выступать перед публикой, но после первых аплодисментов почувствовала уверенность.",اعترفت بأنها كانت تخشى التحدث أمام الجمهور، لكنها شعرت بالثقة بعد التصفيق الأول.,A,اعترفت أنها كانت تخاف من الوقوف أمام الجمهور، لكنها بعد أول تصفيق شعرت بالثقة.,,,,,,,
74,AR-MIL-002,ar-ru,military,تسلّم الجيش دفعة جديدة من الدبابات.,Армия получила новую партию танков.,A,Армия приняла новую партию танков.,,,,,,,
75,AR-SCI-020,ar-ru,science_tech,نُشرت الشيفرة المصدرية للنموذج تحت رخصة مفتوحة لإتاحة التحقق المستقل من النتائج.,"Исходный код модели опубликован под открытой лицензией, чтобы результаты можно было независимо проверить.",A,Исходный код модели был опубликован под открытой лицензией для обеспечения независимой проверки результатов.,,,,,,,
76,AR-GEN-038,ar-ru,general,يمر القطار من هنا كل نصف ساعة.,Поезд проходит здесь каждые полчаса.,B,Поезд проходит через это место каждые полчаса.,,,,,,,
77,AR-LIT-019,ar-ru,literary,في تلك الليلة لم ينم أحد في القرية، فقد كان الجميع ينتظرون عودة الصيادين من البحر.,В ту ночь в деревне никто не спал: все ждали возвращения рыбаков с моря.,A,"В ту ночь никто в деревне не спал, так как все ждали возвращения рыбаков с моря.",,,,,,,
78,RA-MIL-012,ru-ar,military,Батальон был переброшен в район границы для усиления обороны.,نُقلت الكتيبة إلى منطقة الحدود لتعزيز الدفاعات.,B,تم نقل اللواء إلى منطقة الحدود لتعزيز الدفاع.,,,,,,,
79,RA-LIT-014,ru-ar,literary,"Письмо пролежало в ящике стола сорок лет, и бумага пожелтела, но чернила не выцвели.",ظلت الرسالة في درج المكتب أربعين عامًا، فاصفرّ الورق، لكن الحبر لم يبهت.,A,قعدت الرسالة في درج المكتب أربعين عامًا، حتى اصفررت الورقة، لكن الحبر لم يفقد لونه.,,,,,,,
80,AR-GEN-030,ar-ru,general,أعلنت البلدية عن إغلاق الشارع الرئيسي بسبب أعمال الصيانة.,Мэрия объявила о закрытии главной улицы из-за ремонтных работ.,A,Муниципалитет объявил о закрытии главной улицы в связи с ремонтными работами.,,,,,,,
81,RA-POL-023,ru-ar,official_political,"В своём выступлении премьер-министр подчеркнул, что правительство намерено сократить дефицит бюджета, не повышая налоги для малого бизнеса.",شدّد رئيس الوزراء في كلمته على أن الحكومة تعتزم خفض عجز الموازنة دون رفع الضرائب على المشروعات الصغيرة.,A,في خطابه، شدد رئيس الوزراء على أن الحكومة تعتزم تقليص عجز الميزانية دون رفع الضرائب على الشركات الصغيرة.,,,,,,,
82,RA-MIL-019,ru-ar,military,"Министр подчеркнул, что модернизация вооружённых сил носит исключительно оборонительный характер и не направлена против соседних государств.",شدّد الوزير على أن تحديث القوات المسلحة ذو طابع دفاعي بحت، ولا يستهدف الدول المجاورة.,A,أكد الوزير أن حديثة القوات المسلحة تهدف إلى الدفاع فقط ولا تستهدف الدول المجاورة.,,,,,,,
83,RA-GEN-009,ru-ar,general,Она работает врачом в городской больнице.,تعمل طبيبةً في مستشفى المدينة.,B,تعمل طبيبة في مستشفى المدينة.,,,,,,,
84,RA-POL-004,ru-ar,official_political,Правительство подало в отставку.,قدّمت الحكومة استقالتها.,A,قدمت الحكومة استقالتها.,,,,,,,
85,RA-NND-007,ru-ar,negation_numbers_dates_names,"Курс доллара вырос на 3,7% и достиг 92,15 рубля.",ارتفع سعر الدولار بنسبة 3.7% ووصل إلى 92.15 روبل.,A,"ارتفع سعر الدولار بنسبة 3,7% ليصل إلى 92,15 روبية.",,,,,,,
86,RA-AMB-016,ru-ar,polysemy_idioms,"Операция прошла успешно: хирурги удалили опухоль, не повредив нервы.",نجحت العملية: استأصل الجراحون الورم دون الإضرار بالأعصاب.,A,نجحت العملية: قام الجراحون بإزالة الورم دون الإضرار بالأعصاب.,,,,,,,
87,AR-DIP-015,ar-ru,diplomatic,أكد البيان الختامي للقمة العربية رفض أي محاولات لتغيير الوضع القانوني والتاريخي للقدس.,В итоговом заявлении арабского саммита подчёркивается неприятие любых попыток изменить правовой и исторический статус Иерусалима.,A,Заключительное заявление Арабского саммита подтверждает отказ от любых попыток изменить правовой и исторический статус Иерусалима.,,,,,,,
88,RA-GEN-008,ru-ar,general,"Пожалуйста, закройте окно.",من فضلك، أغلق النافذة.,A,يرجى إغلاق النافذة.,,,,,,,
89,RA-GEN-050,ru-ar,general,"Чтобы сэкономить время, мы решили не заходить в гостиницу, а сразу отправиться на встречу.",لكي نوفر الوقت، قررنا ألا نمرّ بالفندق وأن نتوجه مباشرة إلى الاجتماع.,A,للتوفير في الوقت، قررنا ألا ندخل إلى الفندق بل نتجه مباشرة إلى الاجتماع.,,,,,,,
90,AR-POL-012,ar-ru,official_political,قضت المحكمة الإدارية العليا بإلغاء قرار الوزير.,Высший административный суд постановил отменить решение министра.,A,Верховный административный суд отменил решение министра.,,,,,,,
91,RA-DIP-020,ru-ar,diplomatic,"Стороны выразили готовность к диалогу без предварительных условий, однако разногласия по вопросу о границах сохраняются.",أبدى الطرفان استعدادهما للحوار دون شروط مسبقة، غير أن الخلافات بشأن مسألة الحدود لا تزال قائمة.,B,أعربت الأطراف عن استعدادها للحوار دون شروط مسبقة، غير أن الخلافات بشأن الحدود ما زالت قائمة.,,,,,,,
92,AR-NND-010,ar-ru,negation_numbers_dates_names,لا يجوز للموظف إفشاء المعلومات السرية.,Сотрудник не вправе разглашать конфиденциальную информацию.,B,Сотруднику запрещено раскрывать конфиденциальную информацию.,,,,,,,
93,AR-POL-008,ar-ru,official_political,أعلنت لجنة الانتخابات النتائج النهائية.,Избирательная комиссия объявила окончательные результаты.,B,Комиссия по выборам объявила окончательные результаты.,,,,,,,
94,AR-POL-010,ar-ru,official_political,عُيّن سفير جديد في موسكو.,В Москву назначен новый посол.,B,В Москву назначен новый посол.,,,,,,,
95,RA-GEN-019,ru-ar,general,Отец вернулся с работы поздно.,عاد الأب من العمل متأخرًا.,B,عاد الأب من العمل متأخراً.,,,,,,,
96,RA-GEN-015,ru-ar,general,"Библиотека открыта каждый день, кроме пятницы.",المكتبة مفتوحة كل يوم ما عدا الجمعة.,A,المكتبة مفتوحة كل يوم إلا يوم الجمعة.,,,,,,,
97,RA-MIL-015,ru-ar,military,"Командующий заявил, что подразделения не будут выводиться из района до полной стабилизации обстановки.",صرّح القائد بأن الوحدات لن تُسحب من المنطقة قبل استقرار الوضع تمامًا.,B,أعلن القائد أن الوحدات لن تُسحب من المنطقة حتى تستقر الأوضاع بالكامل.,,,,,,,
98,AR-MIL-011,ar-ru,military,نفذت الطائرات الحربية طلعات استطلاعية فوق المنطقة.,Боевые самолёты совершили разведывательные вылеты над районом.,A,Военные самолеты провели разведывательные вылеты над районом.,,,,,,,
99,RA-AMB-003,ru-ar,polysemy_idioms,лук,بصل / قوس,B,ثوم,,,,,,,
100,AR-GEN-049,ar-ru,general,لو وصلت رسالتك في الوقت المناسب لما فاتني الاجتماع.,"Если бы твоё сообщение пришло вовремя, я бы не пропустил собрание.",A,"Если бы ваше сообщение пришло вовремя, я бы не пропустил собрание.",,,,,,,
101,RA-DIP-006,ru-ar,diplomatic,Страны восстановили дипломатические отношения.,استأنف البلدان العلاقات الدبلوماسية.,A,استعادت الدول علاقاتها الدبلوماسية.,,,,,,,
102,RA-GEN-012,ru-ar,general,Сколько стоит этот билет?,كم ثمن هذه التذكرة؟,A,كم تكلفة هذا التذكرة؟,,,,,,,
103,AR-SCI-008,ar-ru,science_tech,تُستخدم تقنيات التعلم الآلي في تحليل الصور الطبية.,Методы машинного обучения применяются для анализа медицинских изображений.,A,Используются методы машинного обучения для анализа медицинских изображений.,,,,,,,
104,RA-POL-010,ru-ar,official_political,Референдум назначен на весну.,حُدد موعد الاستفتاء في الربيع.,A,تم تحديد موعد الاستفتاء في الربيع.,,,,,,,
105,RA-MIL-016,ru-ar,military,Соглашение о военно-техническом сотрудничестве предусматривает подготовку офицеров и совместное производство запасных частей.,تنص اتفاقية التعاون العسكري التقني على تدريب الضباط والإنتاج المشترك لقطع الغيار.,A,ي предусматривает подготовку офицеров и совместное производство запасных частей.,,,,,,,
106,RA-LIT-009,ru-ar,literary,Дорога петляла между холмами и исчезала в синей дымке.,كان الطريق يتعرج بين التلال ويختفي في ضباب أزرق.,A,تلتف الطريق بين التلال وتختفي في الضباب الأزرق.,,,,,,,
107,AR-AMB-001,ar-ru,polysemy_idioms,عين,глаз / источник / агент,B,глаз / око / взгляд,,,,,,,
108,RA-AMB-018,ru-ar,polysemy_idioms,"Банк повысил ставку по вкладам, а игрок сделал ставку на фаворита.",رفع البنك سعر الفائدة على الودائع، وراهن اللاعب على المرشح الأوفر حظًا.,B,رفع البنك نسبة الفائدة على الودائع، بينما قام اللاعب بوضع رهان على المفضل.,,,,,,,
109,RA-GEN-009,ru-ar,general,Она работает врачом в городской больнице.,تعمل طبيبةً في مستشفى المدينة.,A,تعمل كطبيبة في مستشفى المدينة.,,,,,,,
110,AR-SCI-004,ar-ru,science_tech,نشر الفريق نتائج التجربة.,Группа опубликовала результаты эксперимента.,B,Команда опубликовала результаты эксперимента.,,,,,,,
111,RA-SCI-005,ru-ar,science_tech,Искусственный интеллект быстро развивается.,يتطور الذكاء الاصطناعي بسرعة.,B,يتطور الذكاء الاصطناعي بسرعة.,,,,,,,
112,AR-GEN-020,ar-ru,general,طلب منا المدير كتابة تقرير.,Директор попросил нас написать отчёт.,A,Директор попросил нас написать отчет.,,,,,,,
113,RA-AMB-012,ru-ar,polysemy_idioms,После выборов партия оказалась у разбитого корыта.,وجد الحزب نفسه بعد الانتخابات خالي الوفاض.,A,بعد الانتخابات، وجدت الحزب في وضع محرج للغاية.,,,,,,,
114,AR-LIT-020,ar-ru,literary,كانت الصحراء صامتة صمتًا كاملًا، حتى خُيّل إليه أنه يسمع دقات قلبه.,"Пустыня молчала так глубоко, что ему казалось, будто он слышит стук собственного сердца.",B,"Пустыня была абсолютно тиха, так что ему казалось, будто он слышит биение собственного сердца.",,,,,,,
115,AR-MIL-003,ar-ru,military,أُعلن وقف إطلاق النار عند منتصف الليل.,Прекращение огня объявлено с полуночи.,B,Объявлено о прекращении огня в полночь.,,,,,,,
116,AR-POL-028,ar-ru,official_political,يرى محللون أن تعديل الحكومة قد يخفف حدة التوتر السياسي، لكنه لن يحل الأزمة الاقتصادية.,"По мнению аналитиков, перестановки в правительстве могут ослабить политическую напряжённость, но не решат экономический кризис.",B,"Аналитики считают, что реформы правительства могут снизить напряженность в политической сфере, но не решат экономическую кризис.",,,,,,,
117,RA-POL-003,ru-ar,official_political,Выборы состоятся в следующем году.,ستُجرى الانتخابات في العام المقبل.,B,ستُجرى الانتخابات في العام القادم.,,,,,,,
118,AR-POL-006,ar-ru,official_political,أصدر الملك مرسومًا ملكيًا.,Король издал королевский указ.,B,Великий халиф издал королевский указ.,,,,,,,
119,AR-DIP-012,ar-ru,diplomatic,أكدت الدولتان التزامهما بحل الخلافات بالطرق السلمية.,Оба государства подтвердили приверженность урегулированию разногласий мирными средствами.,A,Обе страны подтвердили свое обязательство решать разногласия мирными способами.,,,,,,,
120,RA-LIT-018,ru-ar,literary,"Сад, когда-то полный роз, зарос травой, но весной в нём всё равно пели соловьи.",غطّت الأعشاب الحديقة التي كانت يومًا مليئة بالورود، لكن العنادل كانت مع ذلك تغرّد فيها كل ربيع.,A,كان الحديقة، التي كانت في يوم من الأيام مليئة بالورود، قد غطتها الأعشاب، غير أن العصافير كانت تغني فيها في الربيع على أي حال.,,,,,,,
121,AR-NND-016,ar-ru,negation_numbers_dates_names,صرّح محمد بن زايد بأن الإمارات ستستثمر 50 مليار دولار في الطاقة المتجددة حتى عام 2035.,"Мухаммед бин Заид заявил, что ОАЭ инвестируют 50 миллиардов долларов в возобновляемую энергетику до 2035 года.",A,"Мухаммед бен Зайд заявил, что ОАЭ инвестируют 50 миллиардов долларов в возобновляемую энергетику до 2035 года.",,,,,,,
122,RA-DIP-020,ru-ar,diplomatic,"Стороны выразили готовность к диалогу без предварительных условий, однако разногласия по вопросу о границах сохраняются.",أبدى الطرفان استعدادهما للحوار دون شروط مسبقة، غير أن الخلافات بشأن مسألة الحدود لا تزال قائمة.,A,أعربت الأطراف عن استعدادها للحوار دون شروط مسبقة، مع ذلك تبقى الخلافات بشأن المسألة الحدودية قائمة.,,,,,,,
123,AR-AMB-012,ar-ru,polysemy_idioms,يده طويلة في الحكومة.,У него большое влияние в правительстве.,B,У него широкие возможности в правительстве.,,,,,,,
124,RA-SCI-011,ru-ar,science_tech,Молекула воды состоит из двух атомов водорода и одного атома кислорода.,يتكون جزيء الماء من ذرتي هيدروجين وذرة أكسجين واحدة.,B,تتكون جزيء الماء من ذرتين من الهيدروجين وذرة واحدة من الأكسجين.,,,,,,,
125,RA-NND-019,ru-ar,negation_numbers_dates_names,Срок действия договора — 10 лет; он не продлевается автоматически.,مدة سريان المعاهدة 10 سنوات، ولا تُمدَّد تلقائيًا.,A,مدة العقد 10 سنوات؛ ولا يتم تمديده تلقائيًا.,,,,,,,
126,AR-POL-028,ar-ru,official_political,يرى محللون أن تعديل الحكومة قد يخفف حدة التوتر السياسي، لكنه لن يحل الأزمة الاقتصادية.,"По мнению аналитиков, перестановки в правительстве могут ослабить политическую напряжённость, но не решат экономический кризис.",A,"Аналитики полагают, что правительственные реформы могут смягчить остроту политического напряжения, однако они не решат экономический кризис.",,,,,,,
127,AR-POL-020,ar-ru,official_political,مدّدت الحكومة حالة الطوارئ ثلاثة أشهر.,Правительство продлило чрезвычайное положение на три месяца.,B,Правительство продлило состояние чрезвычайного положения на три месяца.,,,,,,,
128,RA-AMB-020,ru-ar,polysemy_idioms,После тяжёлого дня он спал без задних ног.,نام بعد يوم شاق نومًا عميقًا.,A,بعد يومٍ شاق، نائمٌ بلا راحة.,,,,,,,
129,RA-LIT-013,ru-ar,literary,"Мы шли молча, и только скрип снега под ногами напоминал, что мир ещё не уснул.",كنا نسير صامتين، ولم يكن يذكّرنا بأن العالم لم ينم بعد سوى صرير الثلج تحت أقدامنا.,A,مشينا صمتًا، وكان فقط خشخيش الثلج تحت أقدامنا يذكرنا بأن العالم لم يخلد بعد إلى النوم.,,,,,,,
130,AR-LIT-018,ar-ru,literary,قالت له وهي تودّعه عند المحطة: لا تعدني بشيء، فالوعود تثقل الحقائب.,"Прощаясь с ним на вокзале, она сказала: «Ничего мне не обещай — обещания утяжеляют чемоданы».",A,"Сказала ему, прощаясь у станции: не обещай мне ничего, потому что обещания тяжелеют чемоданы.",,,,,,,
131,AR-AMB-020,ar-ru,polysemy_idioms,ما زالت المفاوضات جارية، ولم يُتفق بعد على الجدول الزمني.,"Переговоры всё ещё продолжаются, график пока не согласован.",B,"Мировые переговоры продолжаются, и пока не было достигнуто соглашение о графике.",,,,,,,
132,RA-GEN-050,ru-ar,general,"Чтобы сэкономить время, мы решили не заходить в гостиницу, а сразу отправиться на встречу.",لكي نوفر الوقت، قررنا ألا نمرّ بالفندق وأن نتوجه مباشرة إلى الاجتماع.,B,للتوفير في الوقت، قرّرنا عدم دخول الفندق والذهاب مباشرة إلى اللقاء.,,,,,,,
133,RA-AMB-010,ru-ar,polysemy_idioms,Это решение — палка о двух концах.,هذا القرار سلاح ذو حدين.,A,هذا القرار عصا ذات طرفين.,,,,,,,
134,RA-MIL-010,ru-ar,military,Министерство обороны заключило контракт на поставку бронетранспортёров.,أبرمت وزارة الدفاع عقدًا لتوريد ناقلات جند مدرعة.,B,وقّعت وزارة الدفاع عقداً لتزويد مركبات المدرعات.,,,,,,,
135,AR-GEN-008,ar-ru,general,افتح الباب من فضلك.,"Открой, пожалуйста, дверь.",A,"Откройте дверь, пожалуйста.",,,,,,,
136,AR-POL-013,ar-ru,official_political,فاز الائتلاف الحاكم بأغلبية بسيطة في مجلس الشورى.,Правящая коалиция получила простое большинство в Консультативном совете.,B,Коалиционное правительство одержало победу с небольшим перевесом в Совете Шуро.,,,,,,,
137,RA-DIP-004,ru-ar,diplomatic,Переговоры прошли в конструктивной атмосфере.,جرت المفاوضات في أجواء بنّاءة.,A,جرت المفاوضات في جوّ بنّاء.,,,,,,,
138,RA-POL-012,ru-ar,official_political,Конституционный суд признал закон не соответствующим основному закону страны.,قضت المحكمة الدستورية بعدم دستورية القانون.,A,أقرّ المحكمة الدستورية عدم مطابقة القانون للقانون الأساسي للدولة.,,,,,,,
139,AR-NND-015,ar-ru,negation_numbers_dates_names,لم يؤكد الكرملين ولا البيت الأبيض موعد اللقاء.,"Ни Кремль, ни Белый дом не подтвердили дату встречи.",A,Кремль и Белый дом не подтвердили дату встречи.,,,,,,,
140,RA-GEN-044,ru-ar,general,"Мой дед всю жизнь проработал на заводе, а на пенсии занялся садом и теперь выращивает лучшие яблоки в округе.",عمل جدي طوال حياته في المصنع، وعندما تقاعد اهتم بالحديقة، وهو الآن يزرع أفضل التفاح في المنطقة.,B,عمل جديّي في المصنع طوال حياته، وبعد تقاعده اهتم بالحديقة وينتج الآن أفضل التفاح في المنطقة.,,,,,,,
141,RA-NND-006,ru-ar,negation_numbers_dates_names,Ни один из кандидатов не набрал необходимых 50% голосов.,لم يحصل أي من المرشحين على نسبة 50% اللازمة من الأصوات.,A,لم يحصل أي من المرشحين على النسبة المطلوبة البالغة 50% من الأصوات.,,,,,,,
142,RA-DIP-016,ru-ar,diplomatic,Россия и Египет договорились продолжить консультации на уровне заместителей министров иностранных дел.,اتفقت روسيا ومصر على مواصلة المشاورات على مستوى نواب وزيري الخارجية.,B,اتفقت روسيا ومصر على مواصلة المشاورات على مستوى نواب وزراء الخارجية.,,,,,,,
143,AR-AMB-007,ar-ru,polysemy_idioms,رُفع العلم فوق مبنى البرلمان.,Над зданием парламента подняли флаг.,B,Флаг был поднят над зданием парламента.,,,,,,,
144,RA-DIP-018,ru-ar,diplomatic,"Министр отметил, что его страна не признает результаты так называемого референдума и считает их юридически ничтожными.",أشار الوزير إلى أن بلاده لا تعترف بنتائج ما يسمى بالاستفتاء وتعدّها باطلة قانونيًا.,B,أكد الوزير أن بلاده لا تعترف بنتائج ما يُسمى بالاستفتاء وتعتبرها باطلة قانونيًا.,,,,,,,
145,RA-DIP-015,ru-ar,diplomatic,В совместном заявлении стороны подтвердили уважение суверенитета и территориальной целостности государств региона и отказ от применения силы.,أكد الطرفان في بيانهما المشترك احترام سيادة دول المنطقة ووحدة أراضيها ونبذ استخدام القوة.,A,أكدت الأطراف في بيان مشترك احترام سيادة الدول الإقليمية وسلامتها الإقليمية، ورفض استخدام القوة.,,,,,,,
146,AR-GEN-003,ar-ru,general,أختي تعمل مهندسة في شركة كبيرة.,Моя сестра работает инженером в крупной компании.,A,Моя сестра работает инженером в крупной компании.,,,,,,,
147,RA-GEN-010,ru-ar,general,Мы встретимся завтра у входа в музей.,سنلتقي غدًا عند مدخل المتحف.,A,سنتقيّا غداً عند مدخل المتحف.,,,,,,,
148,RA-POL-018,ru-ar,official_political,Законопроект будет рассмотрен во втором чтении в понедельник.,ستُناقَش مسودة القانون في القراءة الثانية يوم الاثنين.,B,سيتم مناقشة مشروع القانون في القراءة الثانية يوم الاثنين.,,,,,,,
149,AR-LIT-012,ar-ru,literary,في عينيه حزن لا تقوله الكلمات.,"В его глазах была печаль, которую не выразить словами.",A,"В его глазах был грустный взгляд, который не могли выразить слова.",,,,,,,
150,RA-DIP-008,ru-ar,diplomatic,Стороны договорились создать совместную комиссию по торгово-экономическому сотрудничеству.,اتفق الجانبان على إنشاء لجنة مشتركة للتعاون التجاري والاقتصادي.,B,اتفقت الأطراف على إنشاء لجنة مشتركة للتعاون التجاري والاقتصادي.,,,,,,,
151,RA-AMB-008,ru-ar,polysemy_idioms,Учёные изучают мир микроорганизмов.,يدرس العلماء عالم الكائنات الدقيقة.,B,يُعَدُّ العلماء العالمَ الميكروبي.,,,,,,,
152,AR-DIP-005,ar-ru,diplomatic,استدعت الوزارة القائم بالأعمال.,Министерство вызвало временного поверенного в делах.,A,Министерство вызвало поверенного.,,,,,,,
153,RA-POL-013,ru-ar,official_political,Коалиция сохранила большинство в нижней палате парламента.,حافظ الائتلاف على أغلبيته في مجلس النواب.,B,الائتلاف حافظ على أغلبية في الغرفة السفلى من البرلمان.,,,,,,,
154,AR-GEN-001,ar-ru,general,صباح الخير، هل نمت جيدًا؟,"Доброе утро, ты хорошо спал?",B,"Доброе утро, хорошо ты выспался?",,,,,,,
155,AR-NND-020,ar-ru,negation_numbers_dates_names,لم يُعثر على أي دليل يربط الشركة بالحادث، وفقًا للتقرير الصادر في 2 يونيو.,"Согласно докладу, опубликованному 2 июня, никаких доказательств связи компании с инцидентом не обнаружено.",B,"Согласно отчету, выпущенному 2 июня, не было найдено никаких доказательств, связывающих компанию с происшествием.",,,,,,,
156,AR-SCI-007,ar-ru,science_tech,أظهرت الدراسة أن ممارسة الرياضة بانتظام تحسّن الذاكرة لدى كبار السن.,"Исследование показало, что регулярные занятия спортом улучшают память у пожилых людей.",B,"Исследование показало, что регулярные физические упражнения улучшают память у пожилых людей.",,,,,,,
157,AR-GEN-004,ar-ru,general,الجو بارد في الصباح.,Утром холодно.,A,Утро холодное.,,,,,,,
158,AR-MIL-007,ar-ru,military,أعلنت وزارة الدفاع رفع حالة التأهب في القواعد الجوية.,Министерство обороны объявило о повышении боеготовности на авиабазах.,B,Министерство обороны заявило о повышении уровня готовности на авиабазах.,,,,,,,
159,AR-GEN-010,ar-ru,general,سنسافر إلى الإسكندرية في الصيف.,Летом мы поедем в Александрию.,B,Мы поедем в Александрию летом.,,,,,,,
160,AR-SCI-010,ar-ru,science_tech,سُجّلت براءة اختراع لجهاز جديد لتحلية المياه.,Зарегистрирован патент на новое устройство для опреснения воды.,A,Запатентовано новое устройство для опреснения воды.,,,,,,,
161,AR-SCI-018,ar-ru,science_tech,يُتوقع أن تسهم محطات الطاقة الشمسية في تغطية ربع احتياجات البلاد من الكهرباء بحلول عام 2030.,"Ожидается, что к 2030 году солнечные электростанции будут покрывать четверть потребностей страны в электроэнергии.",A,"Ожидается, что солнечные электростанции к 2030 году обеспечат четверть потребностей страны в электроэнергии.",,,,,,,
162,RA-SCI-016,ru-ar,science_tech,"Если скорость реакции зависит от концентрации катализатора, то при её удвоении время реакции должно сократиться.",إذا كانت سرعة التفاعل تعتمد على تركيز العامل الحفاز، فينبغي أن يقصر زمن التفاعل عند مضاعفته.,A,إذا كانت سرعة التفاعل تعتمد على تركيز المحفز، فإن مضاعفة تركيزه يجب أن تقلل من زمن التفاعل.,,,,,,,
163,RA-GEN-016,ru-ar,general,Я изучаю арабский язык уже два года.,أدرس اللغة العربية منذ سنتين.,A,أنا أتعلم اللغة العربية منذ عامين.,,,,,,,
164,AR-LIT-011,ar-ru,literary,ارتفع صوت المؤذن مع أول خيوط الفجر.,С первыми лучами рассвета зазвучал голос муэдзина.,A,Взмыл голос муллы вместе с первыми нитями утренней зари.,,,,,,,
165,AR-NND-002,ar-ru,negation_numbers_dates_names,لن نتأخر عن الموعد.,Мы не опоздаем.,A,Мы не опоздаем к назначенному времени.,,,,,,,
166,AR-GEN-009,ar-ru,general,يسكن صديقي في حي قديم.,Мой друг живёт в старом квартале.,B,Мой друг живёт в старом районе.,,,,,,,
167,RA-SCI-001,ru-ar,science_tech,Вода кипит при ста градусах Цельсия.,يغلي الماء عند مئة درجة مئوية.,A,تغلي الماء عند مائة درجة مئوية.,,,,,,,
168,RA-DIP-005,ru-ar,diplomatic,Делегация прибыла в столицу с официальным визитом.,وصل الوفد إلى العاصمة في زيارة رسمية.,B,أحيت الوفد عاصمتها بزيارة رسمية.,,,,,,,
169,AR-LIT-017,ar-ru,literary,كانت الكلمات تتساقط من قلمه كما تتساقط حبات المطر الأولى: بطيئة، مترددة، ثم غزيرة.,"Слова падали с его пера, как первые капли дождя: медленно, нерешительно, а затем — потоком.",B,"Слова падали с его пера, как первые капли дождя: медленно, неуверенно, затем обильно.",,,,,,,
170,RA-DIP-013,ru-ar,diplomatic,Министр подчеркнул приверженность своей страны принципу невмешательства во внутренние дела.,أكد الوزير التزام بلاده بمبدأ عدم التدخل في الشؤون الداخلية.,B,شدد الوزير على التزام بلده بمبدأ عدم التدخل في الشؤون الداخلية.,,,,,,,
171,AR-DIP-017,ar-ru,diplomatic,نجحت الوساطة القطرية في التوصل إلى اتفاق لتبادل المحتجزين بين الطرفين.,Катарское посредничество позволило достичь соглашения об обмене задержанными между сторонами.,A,Катару удалось благодаря посредничеству достичь соглашения об обмене задержанными между сторонами.,,,,,,,
172,AR-GEN-015,ar-ru,general,تبدأ الدروس في الساعة الثامنة.,Занятия начинаются в восемь часов.,B,Занятия начинаются в восемь часов.,,,,,,,
173,AR-LIT-001,ar-ru,literary,غابت الشمس خلف الجبال.,Солнце скрылось за горами.,B,Солнце скрылось за горами.,,,,,,,
174,AR-GEN-049,ar-ru,general,لو وصلت رسالتك في الوقت المناسب لما فاتني الاجتماع.,"Если бы твоё сообщение пришло вовремя, я бы не пропустил собрание.",B,"Если бы твоя сообщение пришла вовремя, я бы не пропустил совещание.",,,,,,,
175,RA-LIT-006,ru-ar,literary,"В окнах старого дома горел тусклый свет, будто кто-то всё ещё ждал гостей.",كان ضوء خافت يشتعل في نوافذ البيت القديم، كأن أحدًا ما زال ينتظر الضيوف.,B,كان هناك ضوء خافت ينير النوافذ في المنزل القديم، كأن شخصًا ما ما زال ينتظر الضيوف.,,,,,,,
176,RA-POL-022,ru-ar,official_political,Парламентская комиссия начала расследование обстоятельств сделки.,بدأت لجنة برلمانية تحقيقًا في ملابسات الصفقة.,A,بدأت لجنة البرلمان التحقيق في ظروف الصفقة.,,,,,,,
177,RA-GEN-008,ru-ar,general,"Пожалуйста, закройте окно.",من فضلك، أغلق النافذة.,B,من فضلك، أغلق النافذة.,,,,,,,
178,RA-POL-012,ru-ar,official_political,Конституционный суд признал закон не соответствующим основному закону страны.,قضت المحكمة الدستورية بعدم دستورية القانون.,B,أصدرت المحكمة الدستورية حكمها بأن القانون لا يتوافق مع الدستور الأساسي للبلاد.,,,,,,,
179,AR-GEN-010,ar-ru,general,سنسافر إلى الإسكندرية في الصيف.,Летом мы поедем в Александрию.,A,Мы отправимся в Александрию летом.,,,,,,,
180,RA-LIT-011,ru-ar,literary,"Над пустыней взошла огромная луна, и пески стали серебряными.",أشرق فوق الصحراء قمر هائل، فصارت الرمال فضية.,B,ارتفعت قمر ضخم فوق الصحراء، وتحولت الرمال إلى فضية.,,,,,,,
181,RA-LIT-015,ru-ar,literary,"Она не плакала, когда поезд тронулся; заплакала она позже, когда в доме стало слишком тихо.",لم تبكِ عندما تحرك القطار؛ بكت لاحقًا، حين أصبح البيت هادئًا أكثر مما ينبغي.,A,لم تَبكِ عندما انطلق القطار؛ بل تبكت لاحقًا عندما أصبح المنزل صامتًا جدًا.,,,,,,,
182,RA-MIL-012,ru-ar,military,Батальон был переброшен в район границы для усиления обороны.,نُقلت الكتيبة إلى منطقة الحدود لتعزيز الدفاعات.,A,تم نقل البتالون إلى منطقة الحدود لتعزيز الدفاع.,,,,,,,
183,AR-POL-002,ar-ru,official_political,استقال وزير المالية.,Министр финансов подал в отставку.,A,Министр финансов подал в отставку.,,,,,,,
184,AR-AMB-014,ar-ru,polysemy_idioms,ذهب أدراج الرياح.,Это пошло прахом.,A,Он улетел прочь на ветер.,,,,,,,
185,RA-MIL-019,ru-ar,military,"Министр подчеркнул, что модернизация вооружённых сил носит исключительно оборонительный характер и не направлена против соседних государств.",شدّد الوزير على أن تحديث القوات المسلحة ذو طابع دفاعي بحت، ولا يستهدف الدول المجاورة.,B,شدد الوزير على أن تحديث القوات المسلحة يهدف حصراً إلى أغراض دفاعية ولا يستهدف الدول المجاورة.,,,,,,,
186,AR-GEN-029,ar-ru,general,يقضي الأطفال عطلتهم الصيفية عند أجدادهم في الريف.,Летние каникулы дети проводят у бабушки с дедушкой в деревне.,B,Дети проводят свои летние каникулы у бабушки и дедушки в деревне.,,,,,,,
187,AR-LIT-015,ar-ru,literary,لم يكن يملك من الدنيا سوى عوده وبضعة أغانٍ قديمة، لكنه كان يغني كأنه أغنى الناس.,"У него не было ничего на свете, кроме уда и нескольких старых песен, но пел он так, будто был богаче всех.",A,"У него не было ничего в этом мире, кроме своей уй и нескольких старых песен, но он пел так, словно был самым богатым человеком.",,,,,,,
188,RA-GEN-048,ru-ar,general,"Сосед рассказал, что в детстве этот район был окраиной, где паслись козы и не было ни одной асфальтированной дороги.",روى الجار أن هذا الحي كان في طفولته ضاحية ترعى فيها الماعز، ولم يكن فيه طريق معبّد واحد.,A,أخبرني الجار أنه في طفولته كان هذا الحي على أطراف المدينة حيث كانت ترعى الماعز ولم تكن هناك طريق معبّط واحد.,,,,,,,
189,RA-NND-012,ru-ar,negation_numbers_dates_names,Население города составляет 1 250 000 человек.,يبلغ عدد سكان المدينة 1250000 نسمة.,B,يبلغ عدد سكان المدينة 1 250 000 نسمة.,,,,,,,
190,AR-AMB-011,ar-ru,polysemy_idioms,عاد بخفي حنين.,Он вернулся ни с чем.,B,Он вернулся тихо и сдержанно.,,,,,,,
191,AR-NND-019,ar-ru,negation_numbers_dates_names,إذا لم يُسدَّد المبلغ قبل 31 ديسمبر فستُفرض غرامة قدرها 10%.,"Если сумма не будет уплачена до 31 декабря, будет начислен штраф в размере 10%.",B,"Если сумма не будет оплачена до 31 декабря, будет наложен штраф в размере 10%.",,,,,,,
192,RA-GEN-002,ru-ar,general,Магазин закрывается в девять часов вечера.,يُغلق المتجر في الساعة التاسعة مساءً.,B,يُغلق المتجر في الساعة التاسعة مساءً.,,,,,,,
193,RA-LIT-020,ru-ar,literary,"Море в тот вечер было спокойным, но рыбаки не вышли на лов: старики говорили, что такая тишина бывает перед бурей.",كان البحر هادئًا في ذلك المساء، لكن الصيادين لم يخرجوا للصيد، فقد قال الشيوخ إن مثل هذا السكون يسبق العاصفة.,B,كان البحر هادئًا في تلك الليلة، لكن الصيادين لم يخرجوا للصيد؛ فقد قال كبار السن إن مثل هذه الصمت قد يسبق العاصفة.,,,,,,,
194,AR-GEN-013,ar-ru,general,هذا الكتاب مفيد جدًا.,Эта книга очень полезна.,B,Эта книга очень полезна.,,,,,,,
195,AR-GEN-035,ar-ru,general,يجب تقديم جواز السفر عند تسجيل الدخول في الفندق.,При заселении в гостиницу необходимо предъявить паспорт.,A,Паспорт должен быть предъявлен при регистрации в отеле.,,,,,,,
196,RA-NND-016,ru-ar,negation_numbers_dates_names,"Ни Катар, ни Египет не подтвердили эту информацию.",لم تؤكد قطر ولا مصر هذه المعلومات.,B,لا قطر ولا مصر تأكيد هذه المعلومات.,,,,,,,
197,AR-LIT-002,ar-ru,literary,كان المطر ينقر على النافذة.,Дождь стучал в окно.,A,Дождь стучал по окну.,,,,,,,
198,AR-GEN-032,ar-ru,general,من شرفة الفندق يمكن رؤية البحر.,С балкона гостиницы видно море.,B,С балкона отеля можно увидеть море.,,,,,,,
199,RA-NND-020,ru-ar,negation_numbers_dates_names,"Если ответ не будет получен до 18:00, заявка будет отклонена.",إذا لم يُتلقَّ الرد قبل الساعة 18:00 فسيُرفض الطلب.,A,إذا لم يتم الحصول على الرد قبل الساعة 18:00، فسوف يتم رفض الطلب.,,,,,,,
200,RA-NND-007,ru-ar,negation_numbers_dates_names,"Курс доллара вырос на 3,7% и достиг 92,15 рубля.",ارتفع سعر الدولار بنسبة 3.7% ووصل إلى 92.15 روبل.,B,"ارتفع سعر الدولار بنسبة 3,7% ووصل إلى 92,15 روبل.",,,,,,,
201,RA-MIL-018,ru-ar,military,Миротворческий контингент обеспечивает безопасность гуманитарных конвоев и контролирует соблюдение перемирия.,تتولى قوة حفظ السلام تأمين القوافل الإنسانية ومراقبة الالتزام بالهدنة.,B,يضمن contingent حفظ السلام سلامة القوافل الإنسانية ويراقب احترام الهدنة.,,,,,,,
202,AR-LIT-001,ar-ru,literary,غابت الشمس خلف الجبال.,Солнце скрылось за горами.,A,Солнце скрылось за горами.,,,,,,,
203,RA-NND-009,ru-ar,negation_numbers_dates_names,Самолёт вылетел в 06:45 и приземлился в 11:20 по местному времени.,أقلعت الطائرة في الساعة 06:45 وهبطت في الساعة 11:20 بالتوقيت المحلي.,B,انطلق الطائرة في الساعة 06:45 و هبطت في الساعة 11:20 بالتوقيت المحلي.,,,,,,,
204,RA-GEN-037,ru-ar,general,В этом районе построили новую школу и детский сад.,بُنيت في هذا الحي مدرسة جديدة وروضة أطفال.,A,في هذا المنطقة بُنيت مدرسة جديدة ونursery.,,,,,,,
205,AR-LIT-016,ar-ru,literary,عاد إلى المدينة بعد عشرين عامًا، فوجد الشوارع قد تغيرت، لكن رائحة الخبز في الصباح بقيت كما هي.,"Он вернулся в город через двадцать лет: улицы изменились, но утренний запах хлеба остался прежним.",B,"Он вернулся в город спустя двадцать лет и обнаружил, что улицы изменились, но запах хлеба по утрам остался прежним.",,,,,,,
206,RA-NND-002,ru-ar,negation_numbers_dates_names,Я никогда не был в Каире.,لم أزر القاهرة قط.,B,لم أكن قد زرت القاهرة من قبل.,,,,,,,
207,RA-SCI-012,ru-ar,science_tech,Новый материал выдерживает температуру до 1200 °C.,تتحمل المادة الجديدة درجات حرارة تصل إلى 1200 درجة مئوية.,B,المواد الجديدة تحتمل درجات حرارة تصل إلى 1200 °C.,,,,,,,
208,AR-AMB-009,ar-ru,polysemy_idioms,ضرب عصفورين بحجر واحد.,Он убил двух зайцев одним выстрелом.,B,Поймать двух ворон одним камнем.,,,,,,,
209,RA-AMB-004,ru-ar,polysemy_idioms,коса,ضفيرة / منجل,B,شعرة,,,,,,,
210,AR-AMB-006,ar-ru,polysemy_idioms,أصيب اللاعب في عينه اليسرى.,Игрок получил травму левого глаза.,B,Игрок получил травму в левом глазу.,,,,,,,
211,RA-MIL-006,ru-ar,military,Генеральный штаб опроверг эти сообщения.,نفت هيئة الأركان العامة هذه الأنباء.,B,دحض الأركان العامة هذه الأخبار.,,,,,,,
212,AR-AMB-004,ar-ru,polysemy_idioms,مدير,директор / руководитель,B,Директор,,,,,,,
213,AR-DIP-002,ar-ru,diplomatic,وقّع البلدان اتفاقية للتعاون الثقافي.,Две страны подписали соглашение о культурном сотрудничестве.,A,Подписали страны соглашение о культурном сотрудничестве.,,,,,,,
214,AR-MIL-012,ar-ru,military,تخرّجت دفعة جديدة من الضباط في الكلية الحربية.,Военное училище выпустило новую группу офицеров.,B,В военной академии выпустилась новая группа офицеров.,,,,,,,
215,AR-DIP-014,ar-ru,diplomatic,من المقرر أن يزور ولي العهد روسيا الشهر المقبل.,Наследный принц планирует посетить Россию в следующем месяце.,B,Принц-наследник намерен посетить Россию в следующем месяце.,,,,,,,
216,RA-MIL-005,ru-ar,military,Флот получил новый фрегат.,تسلّمت البحرية فرقاطة جديدة.,A,لقد تلقى الأسطول فрегاتًا جديدًا.,,,,,,,
217,AR-LIT-008,ar-ru,literary,تذكّرت صوت أبيها وهو يقرأ لها الحكايات قبل النوم.,"Она вспомнила голос отца, читавшего ей сказки перед сном.",B,"Она вспомнила голос своего отца, который читал ей сказки перед сном.",,,,,,,
218,RA-LIT-002,ru-ar,literary,Тихо падал снег.,كان الثلج يتساقط بهدوء.,A,كان الثلج يهطل بهدوء.,,,,,,,
219,AR-AMB-001,ar-ru,polysemy_idioms,عين,глаз / источник / агент,A,глаз,,,,,,,
220,RA-NND-019,ru-ar,negation_numbers_dates_names,Срок действия договора — 10 лет; он не продлевается автоматически.,مدة سريان المعاهدة 10 سنوات، ولا تُمدَّد تلقائيًا.,B,مدة العقد 10 سنوات؛ ولا يتم تجديده تلقائيًا.,,,,,,,
221,AR-POL-004,ar-ru,official_political,أدّت الحكومة الجديدة اليمين الدستورية.,Новое правительство принесло присягу.,A,Новое правительство принесло присягу.,,,,,,,
222,AR-GEN-045,ar-ru,general,كلما تأخرت في حجز التذكرة ارتفع سعرها.,"Чем позже бронируешь билет, тем он дороже.",A,"Чем позже вы бронируете билет, тем выше его цена.",,,,,,,
223,AR-POL-004,ar-ru,official_political,أدّت الحكومة الجديدة اليمين الدستورية.,Новое правительство принесло присягу.,B,Новая правительство присягнула на верность конституции.,,,,,,,
224,RA-GEN-035,ru-ar,general,"Чтобы получить визу, нужно заполнить анкету и приложить фотографию.",للحصول على التأشيرة يجب ملء الاستمارة وإرفاق صورة شخصية.,B,للحصول على التأشيرة، يجب تعبئة الاستمارة وإرفاق صورة.,,,,,,,
225,AR-LIT-019,ar-ru,literary,في تلك الليلة لم ينم أحد في القرية، فقد كان الجميع ينتظرون عودة الصيادين من البحر.,В ту ночь в деревне никто не спал: все ждали возвращения рыбаков с моря.,B,"В ту ночь никто в деревне не спал, так как все ждали возвращения рыбаков из моря.",,,,,,,
226,RA-NND-013,ru-ar,negation_numbers_dates_names,"Не исключено, что переговоры, которые должны были начаться 3 марта, будут перенесены как минимум на две недели.",ليس من المستبعد أن تُؤجَّل المفاوضات التي كان من المقرر أن تبدأ في 3 مارس أسبوعين على الأقل.,B,لا يمكن استبعاد أن تكون المفاوضات التي كان من المفترض أن تبدأ في 3 مارس قد أُجلت على الأقل أسبوعين.,,,,,,,
227,RA-AMB-011,ru-ar,polysemy_idioms,Он попал пальцем в небо.,أخطأ الهدف تمامًا.,B,ضربه أصبعه في السماء.,,,,,,,
228,AR-GEN-021,ar-ru,general,إذا انتهيت من عملك مبكرًا فتعال إلينا لتناول العشاء.,"Если рано закончишь работу, приходи к нам на ужин.",A,"Если ты закончишь работу рано, приходи к нам на ужин.",,,,,,,
229,RA-GEN-026,ru-ar,general,"Она переехала в столицу, чтобы найти работу по специальности.",انتقلت إلى العاصمة لتجد عملًا في مجال تخصصها.,B,انتقلت إلى العاصمة من أجل العثور على وظيفة تتوافق مع تخصصها.,,,,,,,
230,AR-POL-019,ar-ru,official_political,طالبت المعارضة بإجراء انتخابات مبكرة.,Оппозиция потребовала провести досрочные выборы.,A,Оппозиция потребовала проведения досрочных выборов.,,,,,,,
231,RA-MIL-014,ru-ar,military,"По данным штаба, в ходе учений будут задействованы около трёх тысяч военнослужащих, двадцать кораблей и сорок самолётов.",وفقًا لهيئة الأركان، ستشارك في المناورات نحو ثلاثة آلاف عسكري وعشرون سفينة وأربعون طائرة.,B,بحسب بيانات القيادة، سيتم تعبئة حوالي ثلاثة آلاف جندي، وعشرين سفينة، وأربعين طائرة خلال التدريبات.,,,,,,,
232,AR-NND-016,ar-ru,negation_numbers_dates_names,صرّح محمد بن زايد بأن الإمارات ستستثمر 50 مليار دولار في الطاقة المتجددة حتى عام 2035.,"Мухаммед бин Заид заявил, что ОАЭ инвестируют 50 миллиардов долларов в возобновляемую энергетику до 2035 года.",B,"Мухаммед бин Зайд заявил, что ОАЭ вложат 50 миллиардов долларов в возобновляемую энергию до 2035 года.",,,,,,,
233,RA-GEN-024,ru-ar,general,Студенты должны сдать курсовые работы до конца месяца.,يجب على الطلاب تسليم أبحاثهم الفصلية قبل نهاية الشهر.,B,يجب على الطلاب تسليم مشاريعهم الدراسية قبل نهاية الشهر.,,,,,,,
234,AR-MIL-008,ar-ru,military,تبادل الطرفان إطلاق النار على طول خط التماس.,Стороны обменялись огнём вдоль линии соприкосновения.,A,Обе стороны вели огонь вдоль линии соприкосновения.,,,,,,,
235,RA-AMB-013,ru-ar,polysemy_idioms,"Не откладывай на завтра то, что можно сделать сегодня.",لا تؤجّل عمل اليوم إلى الغد.,A,لا تؤجل إلى الغد ما يمكنك فعله اليوم.,,,,,,,
236,AR-AMB-007,ar-ru,polysemy_idioms,رُفع العلم فوق مبنى البرلمان.,Над зданием парламента подняли флаг.,A,Флаг был поднят над зданием парламента.,,,,,,,
237,RA-MIL-007,ru-ar,military,Командование сообщило о завершении первого этапа совместных военно-морских учений.,أعلنت القيادة انتهاء المرحلة الأولى من المناورات البحرية المشتركة.,B,أفاد القيادة عن انتهاء المرحلة الأولى من التدريبات البحرية المشتركة.,,,,,,,
238,RA-POL-009,ru-ar,official_political,Партия победила на местных выборах.,فاز الحزب في الانتخابات المحلية.,A,فازت الحزب في الانتخابات المحلية.,,,,,,,
239,RA-POL-015,ru-ar,official_political,Явка избирателей составила около шестидесяти процентов.,بلغت نسبة المشاركة في الانتخابات نحو ستين في المئة.,B,بلغت نسبة إقبال الناخبين نحو ستين في المائة.,,,,,,,
240,RA-GEN-041,ru-ar,general,"Когда мы приехали на вокзал, оказалось, что последний поезд уже ушёл, и нам пришлось ночевать в маленькой гостинице неподалёку.",عندما وصلنا إلى المحطة تبيّن أن القطار الأخير قد غادر، فاضطررنا إلى المبيت في فندق صغير قريب.,B,عندما وصلنا إلى المحطة، تبين أن آخر قطار قد غادر بالفعل، وعليه اضطرينا للنوم في فندق صغير بالقرب من هناك.,,,,,,,
241,AR-GEN-043,ar-ru,general,يؤكد خبراء التغذية أن تناول الإفطار يساعد على التركيز ويقلل من الشعور بالتعب خلال اليوم.,"Диетологи утверждают, что завтрак помогает сосредоточиться и уменьшает усталость в течение дня.",B,"Эксперты по питанию подтверждают, что завтрак помогает сосредоточиться и уменьшает ощущение усталости в течение дня.",,,,,,,
242,AR-LIT-011,ar-ru,literary,ارتفع صوت المؤذن مع أول خيوط الفجر.,С первыми лучами рассвета зазвучал голос муэдзина.,B,Звук муэдзина вознёсся вместе с первыми нитями рассвета.,,,,,,,
243,RA-GEN-004,ru-ar,general,Сегодня очень жарко.,الجو حار جدًا اليوم.,A,الطقس اليوم حار جداً.,,,,,,,
244,RA-GEN-003,ru-ar,general,Мой брат учится в университете.,يدرس أخي في الجامعة.,B,أخي يدرس في الجامعة.,,,,,,,
245,AR-NND-018,ar-ru,negation_numbers_dates_names,مدة العقد خمس سنوات قابلة للتجديد مرة واحدة فقط.,Срок действия контракта — пять лет с возможностью однократного продления.,B,Срок договора составляет пять лет и может быть продлен только один раз.,,,,,,,
246,RA-SCI-011,ru-ar,science_tech,Молекула воды состоит из двух атомов водорода и одного атома кислорода.,يتكون جزيء الماء من ذرتي هيدروجين وذرة أكسجين واحدة.,A,تتكون جزيء الماء من ذرتي هيدروجين وذرة أكسجين واحدة.,,,,,,,
247,AR-MIL-004,ar-ru,military,أسقطت الدفاعات الجوية صاروخين.,Средства ПВО сбили две ракеты.,A,Зенитные ракетные системы сбили две ракеты.,,,,,,,
248,AR-GEN-046,ar-ru,general,اعترف بأنه لم يكن مستعدًا للامتحان، لكنه نجح بفضل مساعدة أصدقائه.,"Он признался, что не был готов к экзамену, но сдал его благодаря помощи друзей.",A,"Он признался, что не был готов к экзамену, но ему удалось сдать его благодаря помощи друзей.",,,,,,,
249,RA-LIT-019,ru-ar,literary,"Он писал медленно, взвешивая каждое слово, как ювелир взвешивает золото.",كان يكتب ببطء، يزن كل كلمة كما يزن الصائغ الذهب.,A,كان يكتب ببطء، م衡量 كل كلمة، كما ي衡量 المجوهرات الذهب.,,,,,,,
250,AR-DIP-017,ar-ru,diplomatic,نجحت الوساطة القطرية في التوصل إلى اتفاق لتبادل المحتجزين بين الطرفين.,Катарское посредничество позволило достичь соглашения об обмене задержанными между сторонами.,B,Катарская медиация успешно достигла соглашения о обмене удерживаемыми лицами между двумя сторонами.,,,,,,,
251,AR-NND-003,ar-ru,negation_numbers_dates_names,وُلد في 12 مارس 1990.,Он родился 12 марта 1990 года.,A,Родился 12 марта 1990 года.,,,,,,,
252,AR-DIP-002,ar-ru,diplomatic,وقّع البلدان اتفاقية للتعاون الثقافي.,Две страны подписали соглашение о культурном сотрудничестве.,B,Страны подписали соглашение о культурном сотрудничестве.,,,,,,,
253,AR-AMB-004,ar-ru,polysemy_idioms,مدير,директор / руководитель,A,директор,,,,,,,
254,AR-DIP-007,ar-ru,diplomatic,أعربت وزارة الخارجية عن إدانتها الشديدة للهجوم على البعثة الدبلوماسية.,Министерство иностранных дел решительно осудило нападение на дипломатическую миссию.,A,Министерство иностранных дел выразило резкое осуждение нападения на дипломатическую миссию.,,,,,,,
255,AR-AMB-008,ar-ru,polysemy_idioms,طلب العلم فريضة على كل مسلم.,Стремление к знанию — обязанность каждого мусульманина.,B,Получение знаний — обязательство для каждого мусульманина.,,,,,,,
256,AR-GEN-041,ar-ru,general,عندما وصلنا إلى القرية كان الظلام قد حلّ، فاستقبلنا أهلها بالمصابيح وقادونا إلى بيت الضيافة.,"Когда мы добрались до деревни, уже стемнело, и жители встретили нас с фонарями и проводили в гостевой дом.",B,"Когда мы добрались до деревни, уже наступила темнота, поэтому жители встретили нас фонарями и повели в гостевой дом.",,,,,,,
257,AR-GEN-037,ar-ru,general,افتُتح في المدينة مستشفى جديد للأطفال.,В городе открылась новая детская больница.,B,В городе был открыт новый детский больничный.,,,,,,,
258,RA-NND-004,ru-ar,negation_numbers_dates_names,В зале было 250 человек.,كان في القاعة 250 شخصًا.,B,كان في القاعة 250 شخصًا.,,,,,,,
259,RA-GEN-002,ru-ar,general,Магазин закрывается в девять часов вечера.,يُغلق المتجر في الساعة التاسعة مساءً.,A,يغلق المتجر في الساعة التاسعة مساءً.,,,,,,,
260,AR-GEN-019,ar-ru,general,عادت الأم من السوق بالخضار.,Мать вернулась с рынка с овощами.,A,Мама вернулась с рынка с овощами.,,,,,,,
261,RA-GEN-021,ru-ar,general,"Если завтра будет дождь, мы перенесём поездку на следующую неделю.",إذا أمطرت غدًا فسنؤجل الرحلة إلى الأسبوع المقبل.,B,إذا كان هناك مطر غدًا، فسنت postpone الرحلة إلى الأسبوع القادم.,,,,,,,
262,RA-NND-017,ru-ar,negation_numbers_dates_names,Делегация ООН во главе с Антониу Гутеррешем прибыла в Багдад 7 июля.,وصل وفد الأمم المتحدة برئاسة أنطونيو غوتيريش إلى بغداد في 7 يوليو.,B,وصلت وفادة الأمم المتحدة برئاسة أنتونيو غوتيريش إلى بغداد في 7 يوليو.,,,,,,,
263,RA-NND-008,ru-ar,negation_numbers_dates_names,Мухаммед бин Салман встретился с Владимиром Путиным в Эр-Рияде.,التقى محمد بن سلمان بفلاديمير بوتين في الرياض.,B,قابل محمد بن سلمان فلاديمير بوتين في الرياض.,,,,,,,
264,RA-GEN-037,ru-ar,general,В этом районе построили новую школу и детский сад.,بُنيت في هذا الحي مدرسة جديدة وروضة أطفال.,B,تم بناء مدرسة جديدة وحضانة في هذا الحي.,,,,,,,
265,AR-LIT-018,ar-ru,literary,قالت له وهي تودّعه عند المحطة: لا تعدني بشيء، فالوعود تثقل الحقائب.,"Прощаясь с ним на вокзале, она сказала: «Ничего мне не обещай — обещания утяжеляют чемоданы».",B,"Она сказала ему, прощаясь у вокзала: «Не обещай мне ничего, ведь обещания утяжеляют чемоданы».",,,,,,,
266,RA-DIP-010,ru-ar,diplomatic,Совет Безопасности провёл экстренное заседание по ситуации на границе.,عقد مجلس الأمن جلسة طارئة بشأن الوضع على الحدود.,A,عقد مجلس الأمن جلسة طارئة بشأن الوضع على الحدود.,,,,,,,
267,AR-NND-004,ar-ru,negation_numbers_dates_names,حضر الاجتماع 75 مندوبًا.,На заседании присутствовали 75 делегатов.,B,В заседании приняли участие 75 делегатов.,,,,,,,
268,AR-GEN-008,ar-ru,general,افتح الباب من فضلك.,"Открой, пожалуйста, дверь.",B,"Пожалуйста, открой дверь.",,,,,,,
269,RA-AMB-006,ru-ar,polysemy_idioms,Она потеряла ключ от квартиры.,أضاعت مفتاح الشقة.,A,فقدت مفتاح الشقة.,,,,,,,
270,AR-GEN-003,ar-ru,general,أختي تعمل مهندسة في شركة كبيرة.,Моя сестра работает инженером в крупной компании.,B,Моя сестра работает инженером в крупной компании.,,,,,,,
271,AR-LIT-010,ar-ru,literary,لم يبقَ من البيت القديم إلا جدار تتسلقه الكروم.,"От старого дома осталась лишь стена, увитая виноградом.",A,"Не осталось ничего от старого дома, кроме стены, по которой карабкаются виноградные лозы.",,,,,,,
272,AR-GEN-032,ar-ru,general,من شرفة الفندق يمكن رؤية البحر.,С балкона гостиницы видно море.,A,С балкона отеля видно море.,,,,,,,
273,RA-GEN-032,ru-ar,general,Из окна нашей квартиры видны горы.,تُرى الجبال من نافذة شقتنا.,A,من نافذة شقّتنا المرئية الجبال.,,,,,,,
274,AR-GEN-038,ar-ru,general,يمر القطار من هنا كل نصف ساعة.,Поезд проходит здесь каждые полчаса.,A,Поезд проходит здесь каждые полчаса.,,,,,,,
275,AR-MIL-010,ar-ru,military,وقّعت الدولتان صفقة لشراء منظومات دفاع جوي.,Две страны подписали сделку о закупке систем противовоздушной обороны.,A,Две страны подписали соглашение о покупке систем воздушной обороны.,,,,,,,
276,AR-LIT-013,ar-ru,literary,جلست العجوز على عتبة الدار تنتظر رسالة لن تأتي، وكانت تعرف ذلك، لكنها كانت تنتظر كل يوم.,"Старуха сидела на пороге дома в ожидании письма, которое не придёт; она знала это, но всё равно ждала каждый день.",B,"Бабушка сидела на пороге дома, ожидая письма, которое никогда не придет, и знала об этом, но каждый день продолжала ждать.",,,,,,,
277,RA-AMB-014,ru-ar,polysemy_idioms,Терпение и труд всё перетрут.,من جدّ وجد.,B,الصبر والاجتهاد يهزمان كل شيء.,,,,,,,
278,RA-AMB-019,ru-ar,polysemy_idioms,"Поле было покрыто цветами, а в поле «Фамилия» он ничего не написал.",كان الحقل مغطى بالأزهار، أما خانة «اسم العائلة» فلم يكتب فيها شيئًا.,B,"كان الحقل مغطى بالزهور، ولم يكتب شيئًا في حقل ""العائلة"".",,,,,,,
279,AR-POL-016,ar-ru,official_political,ألقى ولي العهد كلمة في افتتاح الدورة البرلمانية.,Наследный принц выступил с речью на открытии парламентской сессии.,B,Принц-наследник выступил с речью на открытии сессии парламента.,,,,,,,
280,AR-NND-014,ar-ru,negation_numbers_dates_names,لن يُسمح بدخول القاعة بعد الساعة 09:00، ولا تُقبل الطلبات المتأخرة.,"После 09:00 вход в зал не допускается, опоздавшие заявки не принимаются.",B,"Вход в зал после 09:00 не будет разрешен, а поздние заявки не принимаются.",,,,,,,
281,RA-MIL-017,ru-ar,military,Система ПВО способна одновременно сопровождать несколько целей и поражать их на дальности до ста километров.,تستطيع منظومة الدفاع الجوي تتبّع عدة أهداف في آن واحد وإصابتها على مدى يصل إلى مئة كيلومتر.,B,النظام الصاروخي للدفاع الجوي قادر على متابعة عدة أهداف في الوقت نفسه وضربها على مسافات تصل إلى مائة كيلومتر.,,,,,,,
282,RA-GEN-043,ru-ar,general,"Врачи предупреждают, что недостаток сна снижает внимание и повышает риск несчастных случаев на дорогах.",يحذّر الأطباء من أن قلة النوم تُضعف الانتباه وتزيد من خطر حوادث الطرق.,A,يُحذّر الأطباء من أن نقص النوم يقلل الانتباه ويزيد من خطر وقوع الحوادث على الطرق.,,,,,,,
283,AR-GEN-039,ar-ru,general,لا أفهم لماذا تأخر الرد على رسالتنا.,"Я не понимаю, почему задерживается ответ на наше письмо.",A,"Я не понимаю, почему задержали ответ на нашу сообщение.",,,,,,,
284,AR-GEN-048,ar-ru,general,حدّثتنا جدتي عن أيام كانت فيها المدينة صغيرة، ولم يكن فيها سوى شارع واحد مرصوف.,"Бабушка рассказывала нам о временах, когда город был маленьким и в нём была всего одна мощёная улица.",B,"Моя бабушка рассказывала нам о временах, когда город был небольшим, и в нем было всего лишь одно мощеное шоссе.",,,,,,,
285,AR-LIT-020,ar-ru,literary,كانت الصحراء صامتة صمتًا كاملًا، حتى خُيّل إليه أنه يسمع دقات قلبه.,"Пустыня молчала так глубоко, что ему казалось, будто он слышит стук собственного сердца.",A,"Пустыня была абсолютно тихой, настолько, что ему почудилось, будто он слышит биение своего сердца.",,,,,,,
286,RA-DIP-014,ru-ar,diplomatic,Встреча на высшем уровне запланирована на конец года.,من المقرر عقد القمة في نهاية العام.,A,لقد تم تحديد اجتماع على مستوى القيادة لمنتصف العام.,,,,,,,
287,AR-SCI-016,ar-ru,science_tech,إذا انخفضت درجة الحرارة دون الصفر فإن الماء يتحول إلى جليد ويزداد حجمه.,"Если температура опускается ниже нуля, вода превращается в лёд и увеличивается в объёме.",A,"Если температура упадет ниже нуля, вода превратится в лед и увеличится в объеме.",,,,,,,
288,AR-SCI-018,ar-ru,science_tech,يُتوقع أن تسهم محطات الطاقة الشمسية في تغطية ربع احتياجات البلاد من الكهرباء بحلول عام 2030.,"Ожидается, что к 2030 году солнечные электростанции будут покрывать четверть потребностей страны в электроэнергии.",B,"Ожидается, что солнечные электростанции обеспечат четверть потребностей страны в электроэнергии к 2030 году.",,,,,,,
289,AR-DIP-020,ar-ru,diplomatic,أبدت الحكومة استعدادها لاستئناف المفاوضات، شريطة أن تتوقف الأعمال العدائية أولًا.,"Правительство выразило готовность возобновить переговоры при условии, что сначала будут прекращены враждебные действия.",B,"Правительство заявило свою готовность возобновить переговоры, при условии, что военные действия прекратятся сначала.",,,,,,,
290,RA-AMB-018,ru-ar,polysemy_idioms,"Банк повысил ставку по вкладам, а игрок сделал ставку на фаворита.",رفع البنك سعر الفائدة على الودائع، وراهن اللاعب على المرشح الأوفر حظًا.,A,رفع البنك سعر الفائدة على الودائع، بينما قام اللاعب بالرهان على المفضل.,,,,,,,
291,RA-POL-011,ru-ar,official_political,Правительство представило парламенту проект государственного бюджета на следующий год.,قدّمت الحكومة إلى البرلمان مشروع الموازنة العامة للدولة للعام المقبل.,A,قدم الحكومة مشروع ميزانية الدولة للعام القادم إلى البرلمان.,,,,,,,
292,RA-GEN-012,ru-ar,general,Сколько стоит этот билет?,كم ثمن هذه التذكرة؟,B,ما هو سعر هذا التذكرة؟,,,,,,,
293,RA-NND-009,ru-ar,negation_numbers_dates_names,Самолёт вылетел в 06:45 и приземлился в 11:20 по местному времени.,أقلعت الطائرة في الساعة 06:45 وهبطت في الساعة 11:20 بالتوقيت المحلي.,A,أطلق العنان للطائرة في الساعة 06:45 وهبطت في الساعة 11:20 بتوقيت المنطقة الزمنية المحلية.,,,,,,,
294,AR-MIL-001,ar-ru,military,أجرت القوات البحرية تدريبات في البحر الأحمر.,Военно-морские силы провели учения в Красном море.,A,В Красном море были проведены учения ВМС.,,,,,,,
295,AR-GEN-025,ar-ru,general,ارتفعت أسعار الإيجارات في العاصمة خلال الأشهر الأخيرة.,За последние месяцы в столице выросла арендная плата.,B,Арендные ставки в столице выросли за последние месяцы.,,,,,,,
296,RA-SCI-012,ru-ar,science_tech,Новый материал выдерживает температуру до 1200 °C.,تتحمل المادة الجديدة درجات حرارة تصل إلى 1200 درجة مئوية.,A,يُقاوم المادة الجديدة درجات الحرارة حتى 1200 درجة مئوية.,,,,,,,
297,AR-AMB-003,ar-ru,polysemy_idioms,علم,наука / знание / флаг,B,наука / знание / умение,,,,,,,
298,AR-GEN-046,ar-ru,general,اعترف بأنه لم يكن مستعدًا للامتحان، لكنه نجح بفضل مساعدة أصدقائه.,"Он признался, что не был готов к экзамену, но сдал его благодаря помощи друзей.",B,"Он признал, что не был готов к экзамену, но сдал его благодаря помощи друзей.",,,,,,,
299,AR-GEN-011,ar-ru,general,القطة نائمة على الكرسي.,Кошка спит на стуле.,B,Кошка спит на стуле.,,,,,,,
300,AR-GEN-043,ar-ru,general,يؤكد خبراء التغذية أن تناول الإفطار يساعد على التركيز ويقلل من الشعور بالتعب خلال اليوم.,"Диетологи утверждают, что завтрак помогает сосредоточиться и уменьшает усталость в течение дня.",A,"Эксперты по питанию утверждают, что употребление завтрака способствует концентрации и снижает чувство усталости в течение дня.",,,,,,,
301,RA-DIP-006,ru-ar,diplomatic,Страны восстановили дипломатические отношения.,استأنف البلدان العلاقات الدبلوماسية.,B,أعدت الدول العلاقات الدبلوماسية.,,,,,,,
302,RA-DIP-003,ru-ar,diplomatic,Министры обсудили двустороннее сотрудничество.,بحث الوزيران التعاون الثنائي.,B,ناقش الوزراء التعاون الثنائي.,,,,,,,
303,RA-DIP-013,ru-ar,diplomatic,Министр подчеркнул приверженность своей страны принципу невмешательства во внутренние дела.,أكد الوزير التزام بلاده بمبدأ عدم التدخل في الشؤون الداخلية.,A,أكد الوزير ولاء بلاده لمبدأ عدم التدخل في الشؤون الداخلية.,,,,,,,
304,RA-DIP-017,ru-ar,diplomatic,"Посредники выразили надежду, что режим прекращения огня будет соблюдаться всеми сторонами и позволит доставить гуманитарную помощь.",أعرب الوسطاء عن أملهم في أن تلتزم جميع الأطراف بوقف إطلاق النار بما يتيح إيصال المساعدات الإنسانية.,A,أعرب الوسطاء عن أملهم في أن يلتزم جميع الأطراف بوقف إطلاق النار، مما سيسمح بتوصيل المساعدات الإنسانية.,,,,,,,
305,RA-SCI-018,ru-ar,science_tech,Предварительные результаты не позволяют сделать однозначный вывод о связи между этими двумя факторами.,لا تسمح النتائج الأولية باستخلاص استنتاج قاطع بشأن العلاقة بين هذين العاملين.,B,لا تسمح النتائج الأولية بإجراء استنتاج واضح حول العلاقة بين هذين العاملين.,,,,,,,
306,RA-POL-024,ru-ar,official_political,"Согласно предварительным данным избирательной комиссии, ни одна из партий не набрала абсолютного большинства, поэтому вероятно формирование коалиционного правительства.",وفقًا للنتائج الأولية الصادرة عن لجنة الانتخابات، لم يحصل أي حزب على الأغلبية المطلقة، ولذلك يُرجَّح تشكيل حكومة ائتلافية.,B,ووفقاً للبيانات الأولية الصادرة عن اللجنة الانتخابية، فإن لا حزباً واحداً قد حصل على الأغلبية المطلقة، ومن المرجح تشكيل حكومة ائتلافية.,,,,,,,
307,AR-DIP-011,ar-ru,diplomatic,قدّم المبعوث الأممي إحاطة إلى مجلس الأمن حول تطورات العملية السياسية.,Специальный посланник ООН проинформировал Совет Безопасности о ходе политического процесса.,B,Посланник ООН предоставил доклад Совбезу о развитии политического процесса.,,,,,,,
308,RA-DIP-004,ru-ar,diplomatic,Переговоры прошли в конструктивной атмосфере.,جرت المفاوضات في أجواء بنّاءة.,B,انجزت المفاوضات في جو بناء.,,,,,,,
309,RA-GEN-010,ru-ar,general,Мы встретимся завтра у входа в музей.,سنلتقي غدًا عند مدخل المتحف.,B,سنتقابل غداً عند مدخل المتحف.,,,,,,,
310,RA-GEN-040,ru-ar,general,Конференция пройдёт в главном зале университета.,سيُعقد المؤتمر في القاعة الرئيسية للجامعة.,A,ستُقام المؤتمر في القاعة الرئيسية بجامعة.,,,,,,,
311,AR-AMB-009,ar-ru,polysemy_idioms,ضرب عصفورين بحجر واحد.,Он убил двух зайцев одним выстрелом.,A,Убить двух зайцев одним выстрелом.,,,,,,,
312,RA-GEN-044,ru-ar,general,"Мой дед всю жизнь проработал на заводе, а на пенсии занялся садом и теперь выращивает лучшие яблоки в округе.",عمل جدي طوال حياته في المصنع، وعندما تقاعد اهتم بالحديقة، وهو الآن يزرع أفضل التفاح في المنطقة.,A,عمل جدي طوال حياته في المصنع، وبعد التقاعد اشغله بالحدائق، وهو الآن يزرع أفضل التفاح في المنطقة.,,,,,,,
313,AR-NND-002,ar-ru,negation_numbers_dates_names,لن نتأخر عن الموعد.,Мы не опоздаем.,B,Мы не опоздаем на встречу.,,,,,,,
314,RA-GEN-021,ru-ar,general,"Если завтра будет дождь, мы перенесём поездку на следующую неделю.",إذا أمطرت غدًا فسنؤجل الرحلة إلى الأسبوع المقبل.,A,إذا كان هناك غداً، فإننا سنؤجل الرحلة إلى الأسبوع التالي.,,,,,,,
315,AR-GEN-009,ar-ru,general,يسكن صديقي في حي قديم.,Мой друг живёт в старом квартале.,A,Мой друг живёт в старом районе.,,,,,,,
316,AR-POL-005,ar-ru,official_political,انتقد زعيم المعارضة قرار الحكومة.,Лидер оппозиции раскритиковал решение правительства.,A,Лидер оппозиции подверг критике решение правительства.,,,,,,,
317,AR-DIP-008,ar-ru,diplomatic,اتفق الوزيران على عقد الدورة المقبلة للجنة المشتركة في القاهرة.,Министры договорились провести следующую сессию совместной комиссии в Каире.,A,Министры согласились провести следующее заседание совместной комиссии в Каире.,,,,,,,
318,RA-DIP-019,ru-ar,diplomatic,"Генеральная Ассамблея ООН приняла резолюцию большинством голосов: 120 государств проголосовали «за», 9 — «против», 35 воздержались.",اعتمدت الجمعية العامة للأمم المتحدة القرار بأغلبية الأصوات، إذ صوتت 120 دولة لصالحه، و9 ضده، وامتنعت 35 دولة عن التصويت.,A,اعتمدت الجمعية العامة للأمم المتحدة قراراً بأغلبية الأصوات: صوتت 120 دولة لصالح القرار، و9 دول عارضته، وامتنعت 35 دولة عن التصويت.,,,,,,,
319,RA-GEN-023,ru-ar,general,Новая линия метро соединит центр города с аэропортом.,سيربط خط المترو الجديد وسط المدينة بالمطار.,B,ستربط الخط الجديد للمетро مركز المدينة بالمطار.,,,,,,,
320,RA-SCI-014,ru-ar,science_tech,"Авторы статьи показали, что при недостатке витамина D риск переломов у пожилых людей возрастает почти в два раза.",بيّن مؤلفو المقال أن خطر الإصابة بالكسور لدى كبار السن يرتفع إلى الضعف تقريبًا عند نقص فيتامين د.,B,أظهرت مؤلفو الدراسة أن نقص فيتامين د يؤدي إلى تضاعف خطر حدوث الكسور لدى كبار السن بنحو الضعف.,,,,,,,
321,AR-POL-027,ar-ru,official_political,أوصى التقرير بإنشاء هيئة مستقلة لمكافحة الفساد تتمتع بصلاحيات واسعة في التحقيق والملاحقة.,Доклад рекомендует создать независимый антикоррупционный орган с широкими полномочиями в области расследования и уголовного преследования.,B,"Отчет рекомендовал создать независимое антикоррупционное агентство, обладающее широкими полномочиями для расследования и преследования.",,,,,,,
322,AR-AMB-018,ar-ru,polysemy_idioms,يتمتع الرئيس بصلاحيات واسعة، لكنه لا يملك حق حل البرلمان.,"Президент обладает широкими полномочиями, но не имеет права распускать парламент.",B,"Президент обладает широкими полномочиями, но не имеет права роспуска парламента.",,,,,,,
323,AR-SCI-013,ar-ru,science_tech,أُطلق المسبار نحو المريخ في يوليو.,Зонд был запущен к Марсу в июле.,B,Космический аппарат был запущен к Марсу в июле.,,,,,,,
324,AR-GEN-022,ar-ru,general,نصحتني الطبيبة بشرب كمية أكبر من الماء خلال اليوم.,Врач посоветовала мне пить больше воды в течение дня.,B,Врач посоветовал мне пить больше воды в течение дня.,,,,,,,
325,AR-SCI-017,ar-ru,science_tech,لا تكفي البيانات المتوفرة حاليًا لتأكيد فاعلية العلاج على المدى الطويل.,"Имеющихся в настоящее время данных недостаточно, чтобы подтвердить долгосрочную эффективность лечения.",A,Доступные на данный момент данные недостаточны для подтверждения эффективности лечения в долгосрочной перспективе.,,,,,,,
326,AR-NND-013,ar-ru,negation_numbers_dates_names,لم يكن من الممكن إنقاذ السفينة، غير أن جميع أفراد الطاقم الـ23 نجوا.,"Судно спасти не удалось, однако все 23 члена экипажа выжили.",A,"Не удалось спасти корабль, однако все 23 члена экипажа выжили.",,,,,,,
327,RA-AMB-002,ru-ar,polysemy_idioms,мир,عالم / سلام,A,سلام,,,,,,,
328,AR-AMB-017,ar-ru,polysemy_idioms,لا يزال الطريق طويلًا أمام المفاوضين.,Переговорщикам ещё предстоит долгий путь.,B,Путь перед переговорщиками все еще долгий.,,,,,,,
329,AR-NND-014,ar-ru,negation_numbers_dates_names,لن يُسمح بدخول القاعة بعد الساعة 09:00، ولا تُقبل الطلبات المتأخرة.,"После 09:00 вход в зал не допускается, опоздавшие заявки не принимаются.",A,"Не будет разрешено входить в зал после 09:00, а также не принимаются запоздалые заявки.",,,,,,,
330,AR-GEN-017,ar-ru,general,شكرًا جزيلًا على الهدية.,Большое спасибо за подарок.,A,Большое спасибо за подарок.,,,,,,,
331,AR-SCI-014,ar-ru,science_tech,خلص الباحثون إلى أن العلاقة بين المتغيرين ليست سببية، وأن عوامل أخرى قد تفسر الارتباط الملاحظ.,"Исследователи пришли к выводу, что связь между двумя переменными не является причинно-следственной и что наблюдаемую корреляцию могут объяснять другие факторы.",A,"Ученые пришли к выводу, что связь между двумя переменными не является причинной, и другие факторы могут объяснять наблюдаемую корреляцию.",,,,,,,
332,RA-GEN-045,ru-ar,general,"Чем раньше вы подадите документы, тем больше шансов получить место в общежитии.",كلما قدّمتم الوثائق مبكرًا زادت فرصتكم في الحصول على مكان في السكن الجامعي.,B,كلما قدمتم الوثائق مبكراً، زادت فرص الحصول على مكان في السكن الجامعي.,,,,,,,
333,RA-DIP-009,ru-ar,diplomatic,Генеральный секретарь ООН призвал все стороны конфликта к сдержанности.,دعا الأمين العام للأمم المتحدة جميع أطراف النزاع إلى ضبط النفس.,A,دعا الأمين العام للأمم المتحدة جميع أطراف النزاع إلى ضبط النفس.,,,,,,,
334,RA-MIL-015,ru-ar,military,"Командующий заявил, что подразделения не будут выводиться из района до полной стабилизации обстановки.",صرّح القائد بأن الوحدات لن تُسحب من المنطقة قبل استقرار الوضع تمامًا.,A,أعلن القائد أن الوحدات لن تُنسَق من المنطقة حتى استقرار الوضع بشكل كامل.,,,,,,,
335,RA-MIL-009,ru-ar,military,"Военные инженеры восстановили мост, разрушенный во время боевых действий.",أعاد المهندسون العسكريون بناء الجسر الذي دُمّر خلال العمليات القتالية.,A,استعاد المهندسون العسكريون الجسر الذي دمر أثناء العمليات القتالية.,,,,,,,
336,RA-LIT-018,ru-ar,literary,"Сад, когда-то полный роз, зарос травой, но весной в нём всё равно пели соловьи.",غطّت الأعشاب الحديقة التي كانت يومًا مليئة بالورود، لكن العنادل كانت مع ذلك تغرّد فيها كل ربيع.,B,الحديقة، التي كانت ذات يوم مليئة بالورود، ابتلعتها العشب، لكن في الربيع ما زال العُقاب يُغني فيها.,,,,,,,
337,AR-MIL-015,ar-ru,military,نفى المتحدث العسكري سقوط أي قتلى في صفوف الجيش، مؤكدًا أن الهجوم صُدّ بالكامل.,"Военный представитель опроверг информацию о погибших среди военнослужащих, заявив, что атака была полностью отражена.",B,"Военный представитель отрицал падение любого жертв среди армии, подчеркнув, что атака была полностью отражена.",,,,,,,
338,RA-POL-021,ru-ar,official_political,Сенат одобрил кандидатуру нового министра финансов.,وافق مجلس الشيوخ على تعيين وزير المالية الجديد.,B,أقرّ مجلس الشيوخ ترشيح وزير المالية الجديد.,,,,,,,
339,AR-GEN-002,ar-ru,general,المطعم مغلق يوم الأحد.,Ресторан закрыт в воскресенье.,B,Ресторан закрыт в воскресенье.,,,,,,,
340,AR-GEN-012,ar-ru,general,كم الساعة الآن؟,Который сейчас час?,B,Сколько сейчас времени?,,,,,,,
341,AR-DIP-016,ar-ru,diplomatic,أشار الوزير إلى أن بلاده لن تشارك في المؤتمر ما لم تُدعَ جميع الأطراف المعنية.,"Министр указал, что его страна не примет участия в конференции, если не будут приглашены все заинтересованные стороны.",B,"Министр указал, что его страна не примет участия в конференции, если не будут приглашены все заинтересованные стороны.",,,,,,,
342,RA-GEN-022,ru-ar,general,Врач посоветовал ему больше ходить пешком и меньше сидеть за компьютером.,نصحه الطبيب بأن يمشي أكثر وأن يقلل من الجلوس أمام الحاسوب.,A,نصيحته الطبيب له أن يمشي أكثر ويجلس أقل أمام الكمبيوتر.,,,,,,,
343,RA-DIP-008,ru-ar,diplomatic,Стороны договорились создать совместную комиссию по торгово-экономическому сотрудничеству.,اتفق الجانبان على إنشاء لجنة مشتركة للتعاون التجاري والاقتصادي.,A,اتفقت الطرفان على إنشاء لجنة مشتركة للتعاون التجاري والاقتصادي.,,,,,,,
344,AR-LIT-006,ar-ru,literary,كانت رائحة الياسمين تملأ الزقاق الضيق، والنوافذ مفتوحة على الليل.,"Узкий переулок был полон запаха жасмина, а окна были распахнуты в ночь.",B,"Запах жасмина наполнял узкий переулок, окна были открыты в ночь.",,,,,,,
345,RA-POL-028,ru-ar,official_political,"По мнению наблюдателей, досрочные выборы могут усилить политическую нестабильность, однако правящая коалиция настаивает на их проведении.",يرى المراقبون أن الانتخابات المبكرة قد تزيد من عدم الاستقرار السياسي، غير أن الائتلاف الحاكم يُصرّ على إجرائها.,A,في رأي المراقبين، قد تزيد الانتخابات المبكرة من عدم الاستقرار السياسي، ولكن التحالف الحاكم يصر على إجرائها.,,,,,,,
346,RA-POL-023,ru-ar,official_political,"В своём выступлении премьер-министр подчеркнул, что правительство намерено сократить дефицит бюджета, не повышая налоги для малого бизнеса.",شدّد رئيس الوزراء في كلمته على أن الحكومة تعتزم خفض عجز الموازنة دون رفع الضرائب على المشروعات الصغيرة.,B,في خطابه، أكد رئيس الوزراء أن الحكومة تهدف إلى تقليل عجز الميزانية دون رفع الضرائب على قطاع الأعمال الصغير.,,,,,,,
347,RA-DIP-009,ru-ar,diplomatic,Генеральный секретарь ООН призвал все стороны конфликта к сдержанности.,دعا الأمين العام للأمم المتحدة جميع أطراف النزاع إلى ضبط النفس.,B,دعا الأمين العام للأمم المتحدة جميع أطراف النزاع إلى الهدوء.,,,,,,,
348,AR-DIP-008,ar-ru,diplomatic,اتفق الوزيران على عقد الدورة المقبلة للجنة المشتركة في القاهرة.,Министры договорились провести следующую сессию совместной комиссии в Каире.,B,Министры договорились о проведении следующего заседания Совместной комиссии в Каире.,,,,,,,
349,AR-MIL-014,ar-ru,military,ذكر بيان القيادة العامة أن المناورات ستستمر عشرة أيام بمشاركة وحدات برية وبحرية وجوية.,"В заявлении главного командования говорится, что учения продлятся десять дней с участием сухопутных, военно-морских и военно-воздушных подразделений.",A,"В заявлении Генерального штаба было указано, что учения продлятся десять дней с участием сухопутных, морских и воздушных подразделений.",,,,,,,
350,RA-LIT-001,ru-ar,literary,Над рекой поднимался туман.,كان الضباب يتصاعد فوق النهر.,B,ارتفع الضباب فوق النهر.,,,,,,,
351,RA-GEN-006,ru-ar,general,Я люблю читать книги по истории.,أحب قراءة كتب التاريخ.,A,أحب قراءة الكتب التاريخية.,,,,,,,
352,RA-POL-028,ru-ar,official_political,"По мнению наблюдателей, досрочные выборы могут усилить политическую нестабильность, однако правящая коалиция настаивает на их проведении.",يرى المراقبون أن الانتخابات المبكرة قد تزيد من عدم الاستقرار السياسي، غير أن الائتلاف الحاكم يُصرّ على إجرائها.,B,ووفقًا للمراقبين، فإن الانتخابات المبكرة قد تزيد من عدم الاستقرار السياسي، غير أن الائتلاف الحاكم يصر على إجرائها.,,,,,,,
353,AR-DIP-001,ar-ru,diplomatic,استقبل وزير الخارجية السفير الروسي.,Министр иностранных дел принял российского посла.,B,Министр иностранных дел принял российского посла.,,,,,,,
354,AR-DIP-018,ar-ru,diplomatic,اعتمد مجلس الأمن القرار بأغلبية 13 صوتًا، وامتناع عضوين عن التصويت، دون أي اعتراض.,Совет Безопасности принял резолюцию 13 голосами при двух воздержавшихся и без голосов против.,A,Совет Безопасности принял решение большинством голосов в 13 голосов при воздержании двух членов и без каких-либо возражений.,,,,,,,
355,RA-POL-013,ru-ar,official_political,Коалиция сохранила большинство в нижней палате парламента.,حافظ الائتلاف على أغلبيته في مجلس النواب.,A,حافظت الائتلاف على الأغلبية في مجلس النواب.,,,,,,,
356,AR-NND-017,ar-ru,negation_numbers_dates_names,تتضمن الموازنة إنفاقًا قدره 1.25 تريليون ريال وعجزًا متوقعًا بنسبة 2.3% من الناتج المحلي.,"Бюджет предусматривает расходы в размере 1,25 триллиона риалов и ожидаемый дефицит в 2,3% ВВП.",B,"Бюджет предусматривает расходы в размере 1,25 трлн риалов и ожидаемый дефицит в 2,3% от ВВП.",,,,,,,
357,RA-NND-003,ru-ar,negation_numbers_dates_names,Встреча назначена на 15 мая 2026 года.,حُدد موعد الاجتماع في 15 مايو 2026.,B,تم تحديد موعد الاجتماع في 15 مايو 2026.,,,,,,,
358,AR-SCI-017,ar-ru,science_tech,لا تكفي البيانات المتوفرة حاليًا لتأكيد فاعلية العلاج على المدى الطويل.,"Имеющихся в настоящее время данных недостаточно, чтобы подтвердить долгосрочную эффективность лечения.",B,"Данных, имеющихся в настоящее время, недостаточно для подтверждения эффективности лечения в долгосрочной перспективе.",,,,,,,
359,AR-DIP-018,ar-ru,diplomatic,اعتمد مجلس الأمن القرار بأغلبية 13 صوتًا، وامتناع عضوين عن التصويت، دون أي اعتراض.,Совет Безопасности принял резолюцию 13 голосами при двух воздержавшихся и без голосов против.,B,"Совет безопасности одобрил решение большинством в 13 голосов, при воздержании двух членов, без каких-либо возражений.",,,,,,,
360,RA-NND-017,ru-ar,negation_numbers_dates_names,Делегация ООН во главе с Антониу Гутеррешем прибыла в Багдад 7 июля.,وصل وفد الأمم المتحدة برئاسة أنطونيو غوتيريش إلى بغداد في 7 يوليو.,A,وصلت делегация الأمم المتحدة برئاسة أنطونيو غوتيريش إلى بغداد في 7 يوليو.,,,,,,,
361,RA-SCI-018,ru-ar,science_tech,Предварительные результаты не позволяют сделать однозначный вывод о связи между этими двумя факторами.,لا تسمح النتائج الأولية باستخلاص استنتاج قاطع بشأن العلاقة بين هذين العاملين.,A,لا تسمح النتائج الأولية بإجراء استنتاج قاطع حول العلاقة بين هذين العاملين.,,,,,,,
362,RA-GEN-025,ru-ar,general,Цены на продукты заметно выросли за последний год.,ارتفعت أسعار المواد الغذائية ارتفاعًا ملحوظًا خلال العام الماضي.,A,ارتفعت أسعار المنتجات بشكل ملحوظ خلال العام الماضي.,,,,,,,
363,RA-DIP-018,ru-ar,diplomatic,"Министр отметил, что его страна не признает результаты так называемого референдума и считает их юридически ничтожными.",أشار الوزير إلى أن بلاده لا تعترف بنتائج ما يسمى بالاستفتاء وتعدّها باطلة قانونيًا.,A,أشار الوزير إلى أن بلده لا يعترف بنتائج ما يُسمّى الاستفتاء، ويعتبرها باطلة قانوناً.,,,,,,,
364,AR-GEN-036,ar-ru,general,ساعدني زميلي في إصلاح الحاسوب.,Коллега помог мне починить компьютер.,B,Помогите моему коллеге починить компьютер.,,,,,,,
365,AR-AMB-019,ar-ru,polysemy_idioms,لا بدّ من مراجعة الاتفاق قبل التوقيع عليه.,Соглашение необходимо пересмотреть до его подписания.,B,Необходимо пересмотреть соглашение до его подписания.,,,,,,,
366,RA-SCI-010,ru-ar,science_tech,Результаты исследования опубликованы в международном научном журнале.,نُشرت نتائج الدراسة في مجلة علمية دولية.,A,نُشرت نتائج الدراسة في مجلة علمية دولية.,,,,,,,
367,AR-NND-015,ar-ru,negation_numbers_dates_names,لم يؤكد الكرملين ولا البيت الأبيض موعد اللقاء.,"Ни Кремль, ни Белый дом не подтвердили дату встречи.",B,Кремль и Белый дом не подтвердили дату встречи.,,,,,,,
368,AR-SCI-003,ar-ru,science_tech,القمر هو التابع الطبيعي الوحيد للأرض.,Луна — единственный естественный спутник Земли.,A,Луна — единственный естественный спутник Земли.,,,,,,,
369,AR-POL-012,ar-ru,official_political,قضت المحكمة الإدارية العليا بإلغاء قرار الوزير.,Высший административный суд постановил отменить решение министра.,B,Верховный административный суд постановил отменить решение министра.,,,,,,,
370,AR-AMB-010,ar-ru,polysemy_idioms,الوقت كالسيف إن لم تقطعه قطعك.,"Время подобно мечу: если не ты его рассечёшь, оно рассечёт тебя.",B,"Время как меч: если ты не порежешь его, он порежет тебя.",,,,,,,
371,RA-GEN-020,ru-ar,general,Учитель задал нам трудное упражнение.,كلّفنا المعلم بتمرين صعب.,B,أعطى المعلم لنا تمرينًا صعبًا.,,,,,,,
372,RA-SCI-004,ru-ar,science_tech,Эксперимент подтвердил гипотезу.,أكدت التجربة الفرضية.,B,أكدت التجربة الفرضية.,,,,,,,
373,AR-GEN-040,ar-ru,general,ستُقام الحفلة في حديقة الجامعة.,Праздник пройдёт в университетском саду.,A,Вечеринка пройдёт в университетском парке.,,,,,,,
374,AR-SCI-009,ar-ru,science_tech,يؤدي ذوبان الجليد في القطبين إلى ارتفاع مستوى سطح البحر.,Таяние льдов на полюсах приводит к повышению уровня моря.,B,Таяние льдов в полярных регионах приводит к повышению уровня моря.,,,,,,,
375,AR-GEN-007,ar-ru,general,وصلت الطائرة في موعدها.,Самолёт прибыл вовремя.,B,Самолёт прибыл вовремя.,,,,,,,
376,AR-GEN-034,ar-ru,general,قررت إدارة الجامعة تمديد ساعات عمل المكتبة.,Администрация университета решила продлить часы работы библиотеки.,A,Администрация университета приняла решение продлить часы работы библиотеки.,,,,,,,
377,AR-DIP-014,ar-ru,diplomatic,من المقرر أن يزور ولي العهد روسيا الشهر المقبل.,Наследный принц планирует посетить Россию в следующем месяце.,A,"Предполагается, что наследный принц посетит Россию в следующем месяце.",,,,,,,
378,RA-POL-025,ru-ar,official_political,"Законопроект, внесённый группой депутатов, предусматривает расширение полномочий местных советов в области образования и здравоохранения.",ينص مشروع القانون الذي قدّمته مجموعة من النواب على توسيع صلاحيات المجالس المحلية في مجالي التعليم والصحة.,A,ينص مشروع القانون الذي قدمته مجموعة من النواب على توسيع صلاحيات المجالس المحلية في مجالي التعليم والصحة.,,,,,,,
379,RA-SCI-017,ru-ar,science_tech,Для обеспечения воспроизводимости все исходные данные и программный код размещены в открытом репозитории.,لضمان قابلية التكرار، أُتيحت جميع البيانات الأصلية والشيفرة البرمجية في مستودع مفتوح.,A,لضمان إمكانية إعادة إنتاج النتائج، تم وضع جميع البيانات الأولية والبرمجة في مستودع مفتوح.,,,,,,,
380,AR-GEN-026,ar-ru,general,انتقل إلى مدينة أخرى بعد أن حصل على وظيفة جديدة.,"Он переехал в другой город после того, как получил новую работу.",B,"Переехал в другую город после того, как получил новую работу.",,,,,,,
381,RA-LIT-016,ru-ar,literary,"Город просыпался медленно: сначала зазвонили колокола, потом открылись пекарни, и лишь к полудню улицы наполнились голосами.",كانت المدينة تستيقظ ببطء: دقّت الأجراس أولًا، ثم فُتحت المخابز، ولم تمتلئ الشوارع بالأصوات إلا عند الظهيرة.,B,استيقظ المدينة ببطء: أولاً أذن جرس الكنيسة، ثم افتتحت خبزيات، وبحلول منتصف النهار امتلأت الشوارع بأصوات الناس.,,,,,,,
382,AR-AMB-015,ar-ru,polysemy_idioms,قرر المجلس تشكيل لجنة لمتابعة العملية الانتخابية، بينما أجرى الجراحون العملية بنجاح.,"Совет решил создать комиссию для контроля за избирательным процессом, а хирурги успешно провели операцию.",B,"Совет постановил создать комиссию для контроля за избирательным процессом, в то время как хирурги успешно провели операцию.",,,,,,,
383,RA-SCI-004,ru-ar,science_tech,Эксперимент подтвердил гипотезу.,أكدت التجربة الفرضية.,A,أكدت التجربة الفرضية.,,,,,,,
384,RA-GEN-004,ru-ar,general,Сегодня очень жарко.,الجو حار جدًا اليوم.,B,اليوم حار جداً.,,,,,,,
385,AR-LIT-005,ar-ru,literary,ابتسم الطفل في نومه.,Ребёнок улыбнулся во сне.,A,Ребенок улыбался во сне.,,,,,,,
386,RA-POL-021,ru-ar,official_political,Сенат одобрил кандидатуру нового министра финансов.,وافق مجلس الشيوخ على تعيين وزير المالية الجديد.,A,أقر مجلس الشيوخ ترشيح الوزير المالي الجديد.,,,,,,,
387,RA-SCI-009,ru-ar,science_tech,Повышение температуры океана угрожает коралловым рифам.,يهدد ارتفاع درجة حرارة المحيطات الشعاب المرجانية.,A,يُهدد ارتفاع درجة حرارة المحيط الشعاب المرجانية.,,,,,,,
388,AR-POL-024,ar-ru,official_political,لم يتمكن أي من المرشحين من الحصول على أكثر من نصف الأصوات، ولذلك ستُجرى جولة إعادة بين المرشحَين الأولين.,"Ни одному из кандидатов не удалось набрать более половины голосов, поэтому между двумя лидерами пройдёт второй тур.",B,"Ни один из кандидатов не смог получить более половины голосов, поэтому будет проведено повторное голосование между двумя первыми кандидатами.",,,,,,,
389,RA-AMB-014,ru-ar,polysemy_idioms,Терпение и труд всё перетрут.,من جدّ وجد.,A,الصبر والعمل يهزم كل شيء.,,,,,,,
390,RA-AMB-006,ru-ar,polysemy_idioms,Она потеряла ключ от квартиры.,أضاعت مفتاح الشقة.,B,فقدت هي مفتاح الشقة.,,,,,,,
391,AR-DIP-015,ar-ru,diplomatic,أكد البيان الختامي للقمة العربية رفض أي محاولات لتغيير الوضع القانوني والتاريخي للقدس.,В итоговом заявлении арабского саммита подчёркивается неприятие любых попыток изменить правовой и исторический статус Иерусалима.,B,Заключительное заявление арабской вершины подчеркнуло отвержение любых попыток изменить юридический и исторический статус Иерусалима.,,,,,,,
392,AR-NND-009,ar-ru,negation_numbers_dates_names,تقلع الرحلة في الساعة 23:15 وتصل في الساعة 04:40.,Рейс вылетает в 23:15 и прибывает в 04:40.,B,Рейс отправляется в 23:15 и прибывает в 04:40.,,,,,,,
393,RA-DIP-012,ru-ar,diplomatic,Лига арабских государств приветствовала достигнутое соглашение.,رحّبت جامعة الدول العربية بالاتفاق الذي تم التوصل إليه.,B,أهلت جامعة الدول العربية الاتفاق الذي تم التوصل إليه.,,,,,,,
394,RA-LIT-005,ru-ar,literary,Старик долго смотрел на море.,ظل العجوز يحدّق في البحر طويلًا.,B,نظر الشيخ إلى البحر لفترة طويلة.,,,,,,,
395,AR-GEN-033,ar-ru,general,سأرسل إليك الملف فور وصولي إلى المكتب.,"Я пришлю тебе файл, как только приеду в офис.",A,Я отправлю вам файл сразу после прибытия в офис.,,,,,,,
396,AR-MIL-009,ar-ru,military,انسحبت القوات إلى مواقعها السابقة وفق الاتفاق.,Войска отошли на прежние позиции в соответствии с соглашением.,A,Силы были выведены на свои прежние позиции в соответствии с соглашением.,,,,,,,
397,AR-GEN-030,ar-ru,general,أعلنت البلدية عن إغلاق الشارع الرئيسي بسبب أعمال الصيانة.,Мэрия объявила о закрытии главной улицы из-за ремонтных работ.,B,Муниципалитет объявил о закрытии главной улицы из-за работ по ремонту.,,,,,,,
398,AR-POL-017,ar-ru,official_political,أعلن الحزب انسحابه من الحكومة الائتلافية.,Партия объявила о выходе из коалиционного правительства.,A,"Объявлено, что партия вышла из коалиционного правительства.",,,,,,,
399,AR-GEN-023,ar-ru,general,افتُتح أمس جسر جديد يربط ضفتي النهر.,"Вчера открылся новый мост, соединяющий два берега реки.",A,"Вчера был открыт новый мост, соединяющий берега реки.",,,,,,,
400,RA-GEN-041,ru-ar,general,"Когда мы приехали на вокзал, оказалось, что последний поезд уже ушёл, и нам пришлось ночевать в маленькой гостинице неподалёку.",عندما وصلنا إلى المحطة تبيّن أن القطار الأخير قد غادر، فاضطررنا إلى المبيت في فندق صغير قريب.,A,عندما وصلنا إلى المحطة، تبين أن آخر قطار قد غادر، فاضطررنا إلى قضاء الليل في فندق صغير قريباً.,,,,,,,
401,RA-GEN-047,ru-ar,general,"Туристы, которые хотят посетить крепость, должны заранее купить билеты, поскольку число посетителей ограничено.",يجب على السياح الراغبين في زيارة القلعة شراء التذاكر مسبقًا، لأن عدد الزوار محدود.,B,يجب على الزوار الذين يرغبون في زيارة القلعة شراء التذاكر مسبقًا، نظرًا لأن عدد الزوار محدود.,,,,,,,
402,AR-GEN-026,ar-ru,general,انتقل إلى مدينة أخرى بعد أن حصل على وظيفة جديدة.,"Он переехал в другой город после того, как получил новую работу.",A,"Переезжай в другой город после того, как получишь новую работу.",,,,,,,
403,RA-GEN-022,ru-ar,general,Врач посоветовал ему больше ходить пешком и меньше сидеть за компьютером.,نصحه الطبيب بأن يمشي أكثر وأن يقلل من الجلوس أمام الحاسوب.,B,نصح الطبيب بمزيد من المشي على الأقدام وتقليل الجلوس أمام الكمبيوتر.,,,,,,,
404,AR-DIP-013,ar-ru,diplomatic,تسلّم الرئيس أوراق اعتماد خمسة سفراء جدد.,Президент принял верительные грамоты пяти новых послов.,A,Президент принял верительные грамоты пяти новых послов.,,,,,,,
405,AR-GEN-034,ar-ru,general,قررت إدارة الجامعة تمديد ساعات عمل المكتبة.,Администрация университета решила продлить часы работы библиотеки.,B,Ректорат университета решил продлить время работы библиотеки.,,,,,,,
406,AR-NND-019,ar-ru,negation_numbers_dates_names,إذا لم يُسدَّد المبلغ قبل 31 ديسمبر فستُفرض غرامة قدرها 10%.,"Если сумма не будет уплачена до 31 декабря, будет начислен штраф в размере 10%.",A,"Если сумма не будет выплачена до 31 декабря, будет применена штрафная санкция в размере 10%.",,,,,,,
407,RA-SCI-008,ru-ar,science_tech,Солнечные батареи преобразуют свет в электрическую энергию.,تحوّل الألواح الشمسية الضوء إلى طاقة كهربائية.,B,تُحوّل الألواح الشمسية الضوء إلى طاقة كهربائية.,,,,,,,
408,AR-GEN-020,ar-ru,general,طلب منا المدير كتابة تقرير.,Директор попросил нас написать отчёт.,B,Наш директор попросил нас написать отчет.,,,,,,,
409,RA-MIL-002,ru-ar,military,Министр обороны посетил военную базу.,زار وزير الدفاع قاعدة عسكرية.,A,زار وزير الدفاع القاعدة العسكرية.,,,,,,,
410,AR-MIL-017,ar-ru,military,يبلغ مدى الصاروخ الجديد 300 كيلومتر، ويمكن إطلاقه من منصات متحركة.,Дальность новой ракеты составляет 300 километров; её можно запускать с мобильных пусковых установок.,B,Новый ракета имеет дальность 300 километров и может запускаться с подвижных платформ.,,,,,,,
411,RA-MIL-020,ru-ar,military,"Разведывательный беспилотник вёл наблюдение за колонной в течение нескольких часов, после чего вернулся на базу.",راقبت طائرة استطلاع مسيّرة الرتل لعدة ساعات، ثم عادت إلى القاعدة.,B,قاد الطائرة المسيرة المراقبة على القافلة على مدى عدة ساعات، ثم عاد إلى القاعدة.,,,,,,,
412,RA-GEN-033,ru-ar,general,"Я позвоню вам, как только получу результаты анализов.",سأتصل بكم فور حصولي على نتائج التحاليل.,B,سأتصل بك بمجرد أن أحصل على نتائج التحاليل.,,,,,,,
413,AR-SCI-012,ar-ru,science_tech,يحتوي الجينوم البشري على نحو 20 ألف جين.,Геном человека содержит около 20 тысяч генов.,A,Геном человека содержит около 20 тысяч генов.,,,,,,,
414,RA-DIP-014,ru-ar,diplomatic,Встреча на высшем уровне запланирована на конец года.,من المقرر عقد القمة في نهاية العام.,B,تم تحديد موعد القمة في نهاية العام.,,,,,,,
415,AR-DIP-004,ar-ru,diplomatic,انتهت الجولة الثالثة من المحادثات.,Завершился третий раунд переговоров.,B,Завершилась третья встреча.,,,,,,,
416,AR-NND-011,ar-ru,negation_numbers_dates_names,بلغ عدد سكان دبي 3.8 مليون نسمة.,"Население Дубая достигло 3,8 миллиона человек.",B,"Численность населения Дубая составила 3,8 миллиона человек.",,,,,,,
417,AR-MIL-015,ar-ru,military,نفى المتحدث العسكري سقوط أي قتلى في صفوف الجيش، مؤكدًا أن الهجوم صُدّ بالكامل.,"Военный представитель опроверг информацию о погибших среди военнослужащих, заявив, что атака была полностью отражена.",A,"Военный представитель опроверг сообщения о гибели военнослужащих, подтвердив, что атака была полностью отбита.",,,,,,,
418,AR-DIP-019,ar-ru,diplomatic,شدّد الجانبان على أهمية احترام قواعد القانون الدولي ومبادئ ميثاق الأمم المتحدة.,Стороны подчеркнули важность соблюдения норм международного права и принципов Устава ООН.,B,Обе стороны подчеркнули важность соблюдения норм международного права и принципов Устава Организации Объединенных Наций.,,,,,,,
419,RA-GEN-033,ru-ar,general,"Я позвоню вам, как только получу результаты анализов.",سأتصل بكم فور حصولي على نتائج التحاليل.,A,سأتصل بكم بمجرد استلام نتائج التحاليل.,,,,,,,
420,AR-GEN-047,ar-ru,general,يُطلب من الزوار الذين يرغبون في دخول المتحف ترك حقائبهم الكبيرة عند المدخل.,"Посетителей, желающих войти в музей, просят оставлять большие сумки у входа.",B,"Посетителям, желающим войти в музей, требуют оставить большие сумки у входа.",,,,,,,
421,AR-DIP-009,ar-ru,diplomatic,دعا مجلس الأمن الدولي إلى وقف فوري لإطلاق النار.,Совет Безопасности ООН призвал к немедленному прекращению огня.,B,Совет Безопасности ООН призвал к немедленному прекращению огня.,,,,,,,
422,AR-LIT-007,ar-ru,literary,مشى على الرمل حافيًا، يتبع آثار قدميه التي تمحوها الأمواج.,"Он шёл по песку босиком, следуя за своими следами, которые смывали волны.",B,"Он шел босиком по песку, следуя за следами своих ног, которые смывают волны.",,,,,,,
423,AR-LIT-003,ar-ru,literary,سكتت المدينة في منتصف الليل.,В полночь город затих.,A,Город умолк в середине ночи.,,,,,,,
424,AR-POL-030,ar-ru,official_political,على الرغم من موافقة البرلمان على القانون في مارس، فإن لوائحه التنفيذية لم تصدر بعد.,"Хотя парламент одобрил закон ещё в марте, подзаконные акты к нему до сих пор не изданы.",A,"Несмотря на одобрение парламентом закона в марте, его исполнительные положения до сих пор не были изданы.",,,,,,,
425,AR-GEN-035,ar-ru,general,يجب تقديم جواز السفر عند تسجيل الدخول في الفندق.,При заселении в гостиницу необходимо предъявить паспорт.,B,При заселении в отель необходимо предъявить паспорт.,,,,,,,
426,AR-POL-013,ar-ru,official_political,فاز الائتلاف الحاكم بأغلبية بسيطة في مجلس الشورى.,Правящая коалиция получила простое большинство в Консультативном совете.,A,Правящий коалиционный блок получил небольшое большинство в Совете Шуры.,,,,,,,
427,RA-POL-006,ru-ar,official_political,Премьер-министр провёл заседание кабинета.,ترأس رئيس الوزراء اجتماع مجلس الوزراء.,B,عقد رئيس الوزراء اجتماعًا لمجلس الوزراء.,,,,,,,
428,RA-GEN-025,ru-ar,general,Цены на продукты заметно выросли за последний год.,ارتفعت أسعار المواد الغذائية ارتفاعًا ملحوظًا خلال العام الماضي.,B,ارتفعت أسعار المنتجات الغذائية بشكل ملحوظ خلال العام الماضي.,,,,,,,
429,AR-GEN-015,ar-ru,general,تبدأ الدروس في الساعة الثامنة.,Занятия начинаются в восемь часов.,A,Уроки начинаются в восемь часов.,,,,,,,
430,RA-MIL-001,ru-ar,military,Армия провела учения на юге страны.,أجرى الجيش مناورات في جنوب البلاد.,B,أجرت القوات المسلحة تدريبات في الجنوب من البلاد.,,,,,,,
431,AR-SCI-007,ar-ru,science_tech,أظهرت الدراسة أن ممارسة الرياضة بانتظام تحسّن الذاكرة لدى كبار السن.,"Исследование показало, что регулярные занятия спортом улучшают память у пожилых людей.",A,"Исследование показало, что регулярные занятия спортом улучшают память у пожилых людей.",,,,,,,
432,AR-AMB-013,ar-ru,polysemy_idioms,فلان خفيف الظل.,Такой-то обаятелен и остроумен.,B,Флан лёгкий в тени.,,,,,,,
433,RA-SCI-007,ru-ar,science_tech,"Исследователи разработали алгоритм, который распознаёт речь с высокой точностью.",طوّر الباحثون خوارزمية تتعرف على الكلام بدقة عالية.,B,طوّر الباحثون خوارزمية تتعرّف على الكلام بدقة عالية.,,,,,,,
434,AR-POL-025,ar-ru,official_political,ينص الدستور المعدّل على تحديد ولاية رئيس الجمهورية بفترتين متتاليتين مدة كل منهما خمس سنوات.,Изменённая конституция ограничивает президентские полномочия двумя последовательными сроками по пять лет каждый.,B,Вступивший в силу Конституция определяет срок президентства президента Республики как две последовательные пятилетние мандата.,,,,,,,
435,RA-SCI-020,ru-ar,science_tech,"Исследование, проведённое в 2025 году, охватило 3500 пациентов из 12 стран.",شملت الدراسة التي أُجريت عام 2025 ما مجموعه 3500 مريض من 12 دولة.,B,أجرى دراسة في عام 2025 تشمل 3500 مريض من 12 دولة.,,,,,,,
436,RA-POL-020,ru-ar,official_political,Правительство ввело чрезвычайное положение в трёх провинциях.,أعلنت الحكومة حالة الطوارئ في ثلاث محافظات.,A,أعلن الحكومة عن فرض حالة الطوارئ في ثلاث محافظات.,,,,,,,
437,RA-MIL-020,ru-ar,military,"Разведывательный беспилотник вёл наблюдение за колонной в течение нескольких часов, после чего вернулся на базу.",راقبت طائرة استطلاع مسيّرة الرتل لعدة ساعات، ثم عادت إلى القاعدة.,A,قاد طائرة استطلاع بدون طيار مراقبة لعمود استمر لعدة ساعات، ثم عادت إلى القاعدة.,,,,,,,
438,AR-POL-003,ar-ru,official_political,تُجرى الانتخابات البرلمانية في نوفمبر.,Парламентские выборы пройдут в ноябре.,B,Парламентские выборы пройдут в ноябре.,,,,,,,
439,AR-POL-015,ar-ru,official_political,بلغت نسبة الإقبال على التصويت 48 في المئة.,Явка избирателей составила 48 процентов.,A,Доля явки на голосование составила 48 процентов.,,,,,,,
440,AR-LIT-014,ar-ru,literary,كان النهر في الصيف هادئًا كأنه نائم، فإذا جاء الشتاء استيقظ غاضبًا وجرف كل ما في طريقه.,"Летом река была тихой, будто спала, а с приходом зимы просыпалась в гневе и сметала всё на своём пути.",B,"В летнее время река была спокойной, как будто спала, а когда наступало зимнее время, она просыпалась злой и сносила всё на своём пути.",,,,,,,
441,AR-NND-017,ar-ru,negation_numbers_dates_names,تتضمن الموازنة إنفاقًا قدره 1.25 تريليون ريال وعجزًا متوقعًا بنسبة 2.3% من الناتج المحلي.,"Бюджет предусматривает расходы в размере 1,25 триллиона риалов и ожидаемый дефицит в 2,3% ВВП.",A,"Бюджет включает расходы в размере 1,25 триллиона дирхамов и ожидаемый дефицит в размере 2,3% от ВВП.",,,,,,,
442,AR-DIP-005,ar-ru,diplomatic,استدعت الوزارة القائم بالأعمال.,Министерство вызвало временного поверенного в делах.,B,Министерство вызвало поверенного в делах.,,,,,,,
443,RA-GEN-013,ru-ar,general,Вода в реке была холодной.,كانت مياه النهر باردة.,A,كانت الماء في النهر بارداً.,,,,,,,
444,AR-MIL-020,ar-ru,military,رصدت الرادارات طائرة مسيّرة مجهولة تحلّق على ارتفاع منخفض قرب المنشأة النفطية.,"Радары засекли неизвестный беспилотник, летевший на малой высоте вблизи нефтяного объекта.",B,"Радары зафиксировали неизвестный беспилотный летательный аппарат, летящий на низкой высоте вблизи нефтяного объекта.",,,,,,,
445,RA-AMB-012,ru-ar,polysemy_idioms,После выборов партия оказалась у разбитого корыта.,وجد الحزب نفسه بعد الانتخابات خالي الوفاض.,B,بعد الانتخابات، وجدت الحزب نفسه في وضعاً مأساوياً.,,,,,,,
446,RA-NND-015,ru-ar,negation_numbers_dates_names,"Он не только не извинился, но и не признал свою ошибку.",لم يكتفِ بعدم الاعتذار، بل لم يعترف بخطئه أيضًا.,A,لم يعتذر فحسب، بل لم يعترف بخطئه أيضًا.,,,,,,,
447,AR-MIL-005,ar-ru,military,عاد الجنود إلى ثكناتهم.,Солдаты вернулись в казармы.,A,Воины вернулись в свои казармы.,,,,,,,
448,RA-GEN-005,ru-ar,general,Где находится ближайшая аптека?,أين تقع أقرب صيدلية؟,B,أين تقع أقرب صيدلية؟,,,,,,,
449,RA-MIL-001,ru-ar,military,Армия провела учения на юге страны.,أجرى الجيش مناورات في جنوب البلاد.,A,أجرت الجيوش تدريبات في جنوب البلاد.,,,,,,,
450,AR-NND-008,ar-ru,negation_numbers_dates_names,التقى عبد الفتاح السيسي بسيرغي لافروف في القاهرة.,Абдель Фаттах ас-Сиси встретился с Сергеем Лавровым в Каире.,B,Абдель Фаттах ас-Сиси встретился с Сергеем Лавровым в Каире.,,,,,,,
451,RA-SCI-003,ru-ar,science_tech,Земля вращается вокруг Солнца.,تدور الأرض حول الشمس.,B,تُحَوّل الأرض حول الشمس.,,,,,,,
452,RA-GEN-031,ru-ar,general,Он извинился за опоздание и сел на свободное место.,اعتذر عن تأخره وجلس في مكان شاغر.,A,اعتذر عن التأخير وجلس في المقعد الفارغ.,,,,,,,
453,RA-AMB-010,ru-ar,polysemy_idioms,Это решение — палка о двух концах.,هذا القرار سلاح ذو حدين.,B,هذا الحل سيف ذو حدين.,,,,,,,
454,AR-GEN-039,ar-ru,general,لا أفهم لماذا تأخر الرد على رسالتنا.,"Я не понимаю, почему задерживается ответ на наше письмо.",B,"Я не понимаю, почему ответ на наше сообщение был задержан.",,,,,,,
455,RA-LIT-012,ru-ar,literary,Время в этом городке словно остановилось.,كأن الزمن قد توقف في هذه البلدة الصغيرة.,A,كأن الوقت في هذا البلدة توقف.,,,,,,,
456,RA-MIL-004,ru-ar,military,Противовоздушная оборона перехватила беспилотник.,اعترضت الدفاعات الجوية طائرة مسيّرة.,A,اعتقلت دفاعات 항공ية беспилотник.,,,,,,,
457,AR-AMB-003,ar-ru,polysemy_idioms,علم,наука / знание / флаг,A,Наука,,,,,,,
458,AR-LIT-006,ar-ru,literary,كانت رائحة الياسمين تملأ الزقاق الضيق، والنوافذ مفتوحة على الليل.,"Узкий переулок был полон запаха жасмина, а окна были распахнуты в ночь.",A,"Запах жасмина наполнял узкий переулок, а окна были открыты на ночь.",,,,,,,
459,AR-GEN-050,ar-ru,general,حتى نتجنب الازدحام، خرجنا من البيت قبل شروق الشمس.,"Чтобы избежать пробок, мы вышли из дома до восхода солнца.",B,"Чтобы избежать пробок, мы вышли из дома до восхода солнца.",,,,,,,
460,RA-MIL-014,ru-ar,military,"По данным штаба, в ходе учений будут задействованы около трёх тысяч военнослужащих, двадцать кораблей и сорок самолётов.",وفقًا لهيئة الأركان، ستشارك في المناورات نحو ثلاثة آلاف عسكري وعشرون سفينة وأربعون طائرة.,A,وفقًا للقيادة، سيتم خلال التدريبات توظيف حوالي ثلاثة آلاف من أفراد الجيش، وعشرين سفينة، وأربعين طائرة.,,,,,,,
461,RA-POL-006,ru-ar,official_political,Премьер-министр провёл заседание кабинета.,ترأس رئيس الوزراء اجتماع مجلس الوزراء.,A,عقد رئيس الوزراء اجتماعًا لمجلس الوزراء.,,,,,,,
462,RA-GEN-031,ru-ar,general,Он извинился за опоздание и сел на свободное место.,اعتذر عن تأخره وجلس في مكان شاغر.,B,عذر عن تأخره ثم جلس في المقعد المجاني.,,,,,,,
463,AR-POL-027,ar-ru,official_political,أوصى التقرير بإنشاء هيئة مستقلة لمكافحة الفساد تتمتع بصلاحيات واسعة في التحقيق والملاحقة.,Доклад рекомендует создать независимый антикоррупционный орган с широкими полномочиями в области расследования и уголовного преследования.,A,"В докладе рекомендуется создание независимого органа по борьбе с коррупцией, обладающего широкими полномочиями в области проведения расследований и преследования.",,,,,,,
464,AR-DIP-003,ar-ru,diplomatic,بحث الجانبان سبل تعزيز العلاقات الثنائية.,Стороны обсудили пути укрепления двусторонних отношений.,B,Стороны обсудили пути укрепления двусторонних отношений.,,,,,,,
465,AR-GEN-012,ar-ru,general,كم الساعة الآن؟,Который сейчас час?,A,Какой сейчас час?,,,,,,,
466,AR-AMB-005,ar-ru,polysemy_idioms,شربنا من عين ماء صافية في سفح الجبل.,Мы пили из чистого родника у подножия горы.,B,Мы пили из источника с чистой водой у подножия горы.,,,,,,,
467,AR-NND-006,ar-ru,negation_numbers_dates_names,لم تُسجَّل أي إصابات بالفيروس خلال الأيام الـ14 الماضية.,За последние 14 дней не зарегистрировано ни одного случая заражения вирусом.,B,За последние 14 дней не было зафиксировано ни одного случая заражения вирусом.,,,,,,,
468,AR-SCI-004,ar-ru,science_tech,نشر الفريق نتائج التجربة.,Группа опубликовала результаты эксперимента.,A,Группа опубликовала результаты эксперимента.,,,,,,,
469,RA-SCI-014,ru-ar,science_tech,"Авторы статьи показали, что при недостатке витамина D риск переломов у пожилых людей возрастает почти в два раза.",بيّن مؤلفو المقال أن خطر الإصابة بالكسور لدى كبار السن يرتفع إلى الضعف تقريبًا عند نقص فيتامين د.,A,أظهرت مؤلفو المقالة أن نقص فيتامين د يؤدي إلى زيادة خطر الكسور لدى كبار السن تقريبًا بمقدار ضعفه.,,,,,,,
470,AR-GEN-016,ar-ru,general,أتعلم اللغة الروسية منذ ثلاث سنوات.,Я изучаю русский язык уже три года.,B,Я изучаю русский язык уже три года.,,,,,,,
471,AR-SCI-019,ar-ru,science_tech,شارك في التجربة السريرية 800 متطوع تراوحت أعمارهم بين 18 و65 عامًا.,В клиническом испытании приняли участие 800 добровольцев в возрасте от 18 до 65 лет.,B,В клиническом испытании приняли участие 800 добровольцев в возрасте от 18 до 65 лет.,,,,,,,
472,AR-GEN-004,ar-ru,general,الجو بارد في الصباح.,Утром холодно.,B,Вечером погода холодная.,,,,,,,
473,RA-NND-018,ru-ar,negation_numbers_dates_names,"Бюджет на 2027 год предусматривает расходы в размере 41,6 трлн рублей и дефицит 1,2% ВВП.",تنص موازنة عام 2027 على نفقات بقيمة 41.6 تريليون روبل وعجز بنسبة 1.2% من الناتج المحلي الإجمالي.,A,"تتوقع الميزانية لعام 2027 إنفاقًا بقيمة 41,6 تريليون روبل وعجز بنسبة 1,2% من الناتج المحلي الإجمالي.",,,,,,,
474,AR-MIL-002,ar-ru,military,تسلّم الجيش دفعة جديدة من الدبابات.,Армия получила новую партию танков.,B,Военные получили новую партию танков.,,,,,,,
475,AR-GEN-028,ar-ru,general,يزدحم السوق القديم بالزوار في أيام العطل.,В выходные дни старый рынок переполнен посетителями.,A,Старый рынок переполнен посетителями в дни праздников.,,,,,,,
476,RA-SCI-013,ru-ar,science_tech,Спутник выведен на орбиту высотой 500 километров.,وُضع القمر الصناعي في مدار على ارتفاع 500 كيلومتر.,A,تم вывод القمر الصناعي إلى مدار ارتفاعه 500 كيلومتر.,,,,,,,
477,RA-MIL-017,ru-ar,military,Система ПВО способна одновременно сопровождать несколько целей и поражать их на дальности до ста километров.,تستطيع منظومة الدفاع الجوي تتبّع عدة أهداف في آن واحد وإصابتها على مدى يصل إلى مئة كيلومتر.,A,تستطيع منظومة الدفاع الجوي تتبع عدة أهداف في آن واحد وإلحاق الضرر بها على مدى يصل إلى مائة كيلومتر.,,,,,,,
478,AR-NND-008,ar-ru,negation_numbers_dates_names,التقى عبد الفتاح السيسي بسيرغي لافروف في القاهرة.,Абдель Фаттах ас-Сиси встретился с Сергеем Лавровым в Каире.,A,В Каире встретились Абдулла Абдул Фаттах ас-Сиси и Сергей Лавров.,,,,,,,
479,RA-LIT-002,ru-ar,literary,Тихо падал снег.,كان الثلج يتساقط بهدوء.,B,كانت تسقط الثلوج بهدوء.,,,,,,,
480,AR-SCI-011,ar-ru,science_tech,تبلغ سرعة الضوء في الفراغ نحو 300 ألف كيلومتر في الثانية.,Скорость света в вакууме составляет около 300 тысяч километров в секунду.,B,Скорость света в вакууме составляет около 300 тысяч километров в секунду.,,,,,,,
481,RA-LIT-003,ru-ar,literary,Она улыбнулась сквозь слёзы.,ابتسمت من خلال دموعها.,B,ابتسمت وهي تدمع.,,,,,,,
482,AR-GEN-018,ar-ru,general,تقع المدرسة بالقرب من النهر.,Школа находится недалеко от реки.,A,Школа находится недалеко от реки.,,,,,,,
483,RA-POL-017,ru-ar,official_political,Правящая партия выдвинула своего кандидата на пост мэра столицы.,رشّح الحزب الحاكم مرشحه لمنصب عمدة العاصمة.,A,أصدرت الحزب الحاكم مرشحه لمنصب رئيس بلدية العاصمة.,,,,,,,
484,RA-AMB-005,ru-ar,polysemy_idioms,Он нашёл ключ на дне ущелья: из-под камня била чистая холодная вода.,وجد ينبوعًا في قاع الوادي: كان ماء نقي بارد يتدفق من تحت صخرة.,A,وجد المفتاح في قاع الوادي: تحت الصخر كانت تخرج مياه صافية باردة.,,,,,,,
485,AR-SCI-012,ar-ru,science_tech,يحتوي الجينوم البشري على نحو 20 ألف جين.,Геном человека содержит около 20 тысяч генов.,B,Человеческий геном содержит около 20 000 генов.,,,,,,,
486,RA-LIT-006,ru-ar,literary,"В окнах старого дома горел тусклый свет, будто кто-то всё ещё ждал гостей.",كان ضوء خافت يشتعل في نوافذ البيت القديم، كأن أحدًا ما زال ينتظر الضيوف.,A,أضاء في نوافذ المنزل القديم ضوء باهت، وكأن من كان لا يزال ينتظر ضيوفًا.,,,,,,,
487,RA-POL-016,ru-ar,official_political,Глава государства обратился к нации с ежегодным посланием.,ألقى رئيس الدولة خطابه السنوي إلى الأمة.,B,وجه رئيس الدولة خطابًا سنويًا إلى الشعب.,,,,,,,
488,RA-POL-030,ru-ar,official_political,"Хотя закон вступил в силу ещё в январе, многие его положения до сих пор не применяются на практике.",على الرغم من أن القانون دخل حيز التنفيذ منذ يناير، فإن كثيرًا من أحكامه لا تُطبَّق عمليًا حتى الآن.,B,على الرغم من أن القانون دخل حيز التنفيذ في يناير، فإن العديد من أحكامه لم تُطبق حتى الآن على أرض الواقع.,,,,,,,
489,AR-GEN-024,ar-ru,general,على المسافرين الحضور إلى المطار قبل الرحلة بساعتين.,Пассажиры должны прибыть в аэропорт за два часа до вылета.,B,Пассажирам необходимо прибыть в аэропорт за два часа до вылета.,,,,,,,
490,AR-GEN-033,ar-ru,general,سأرسل إليك الملف فور وصولي إلى المكتب.,"Я пришлю тебе файл, как только приеду в офис.",B,"Я отправлю тебе файл сразу, как только приду в офис.",,,,,,,
491,AR-DIP-001,ar-ru,diplomatic,استقبل وزير الخارجية السفير الروسي.,Министр иностранных дел принял российского посла.,A,Министр иностранных дел принял российского посла.,,,,,,,
492,RA-POL-026,ru-ar,official_political,"Президент заявил, что не будет баллотироваться на второй срок, и призвал граждан принять участие в выборах.",أعلن الرئيس أنه لن يترشح لولاية ثانية، ودعا المواطنين إلى المشاركة في الانتخابات.,A,أعلن الرئيس أنه لن يترشّح لفترة ثانية، ودعا المواطنين إلى المشاركة في الانتخابات.,,,,,,,
493,AR-SCI-002,ar-ru,science_tech,طوّر الباحثون دواءً جديدًا لعلاج السكري.,Исследователи разработали новое лекарство для лечения диабета.,A,Исследователи разработали новое лекарство для лечения диабета.,,,,,,,
494,AR-GEN-024,ar-ru,general,على المسافرين الحضور إلى المطار قبل الرحلة بساعتين.,Пассажиры должны прибыть в аэропорт за два часа до вылета.,A,Пассажирам необходимо прибыть в аэропорт за два часа до вылета.,,,,,,,
495,AR-MIL-016,ar-ru,military,تشمل الاتفاقية تدريب الطيارين وصيانة الطائرات ونقل التكنولوجيا العسكرية.,"Соглашение предусматривает подготовку пилотов, техническое обслуживание самолётов и передачу военных технологий.",A,"Соглашение предусматривает обучение пилотов, техническое обслуживание самолетов и передачу военных технологий.",,,,,,,
496,AR-DIP-013,ar-ru,diplomatic,تسلّم الرئيس أوراق اعتماد خمسة سفراء جدد.,Президент принял верительные грамоты пяти новых послов.,B,Президент принял в_FUNCTIONS_ пять новых посольств.,,,,,,,
497,AR-SCI-001,ar-ru,science_tech,يتكون الهواء أساسًا من النيتروجين والأكسجين.,Воздух состоит в основном из азота и кислорода.,A,Воздух состоит в основном из азота и кислорода.,,,,,,,
498,RA-GEN-036,ru-ar,general,Соседи помогли нам перенести мебель.,ساعدنا الجيران في نقل الأثاث.,B,ساعدنا الجيران في نقل الأثاث.,,,,,,,
499,RA-MIL-003,ru-ar,military,Войска отошли от линии соприкосновения.,انسحبت القوات من خط التماس.,A,انسحبت القوات من خط التماس.,,,,,,,
500,AR-POL-009,ar-ru,official_political,حصل الحزب على أربعين مقعدًا.,Партия получила сорок мест.,B,Партия получила 40 мест.,,,,,,,
501,AR-POL-021,ar-ru,official_political,منح البرلمان الثقة للحكومة الجديدة.,Парламент выразил доверие новому правительству.,A,Парламент выразил доверие новому правительству.,,,,,,,
502,AR-MIL-003,ar-ru,military,أُعلن وقف إطلاق النار عند منتصف الليل.,Прекращение огня объявлено с полуночи.,A,Объявлено прекращение огня на полдень.,,,,,,,
503,RA-POL-011,ru-ar,official_political,Правительство представило парламенту проект государственного бюджета на следующий год.,قدّمت الحكومة إلى البرلمان مشروع الموازنة العامة للدولة للعام المقبل.,B,قدّم الحكومة إلى البرلمان مشروع الميزانية الوطنية للسنة القادمة.,,,,,,,
504,AR-MIL-011,ar-ru,military,نفذت الطائرات الحربية طلعات استطلاعية فوق المنطقة.,Боевые самолёты совершили разведывательные вылеты над районом.,B,Военные самолеты совершили разведывательные полеты над районом.,,,,,,,
505,RA-LIT-016,ru-ar,literary,"Город просыпался медленно: сначала зазвонили колокола, потом открылись пекарни, и лишь к полудню улицы наполнились голосами.",كانت المدينة تستيقظ ببطء: دقّت الأجراس أولًا، ثم فُتحت المخابز، ولم تمتلئ الشوارع بالأصوات إلا عند الظهيرة.,A,أفاق المدينة ببطء: فبدأت أجراس الرنات، ثم فتحت المخابز، ولم تملأ الشوارع الأصوات إلا بحلول الظهيرة.,,,,,,,
506,RA-DIP-019,ru-ar,diplomatic,"Генеральная Ассамблея ООН приняла резолюцию большинством голосов: 120 государств проголосовали «за», 9 — «против», 35 воздержались.",اعتمدت الجمعية العامة للأمم المتحدة القرار بأغلبية الأصوات، إذ صوتت 120 دولة لصالحه، و9 ضده، وامتنعت 35 دولة عن التصويت.,B,قامت الجمعية العامة للأمم المتحدة باتخاذ قرار بالغالبية: صوتت 120 دولة لصالح القرار، و9 دول ضد القرار، و35 دولة امتنعت عن التصويت.,,,,,,,
507,AR-DIP-009,ar-ru,diplomatic,دعا مجلس الأمن الدولي إلى وقف فوري لإطلاق النار.,Совет Безопасности ООН призвал к немедленному прекращению огня.,A,Международный совет безопасности призвал к немедленному прекращению огня.,,,,,,,
508,AR-NND-001,ar-ru,negation_numbers_dates_names,لم يتصل بي أحد.,Мне никто не звонил.,A,Никто не звонил мне.,,,,,,,
509,RA-GEN-015,ru-ar,general,"Библиотека открыта каждый день, кроме пятницы.",المكتبة مفتوحة كل يوم ما عدا الجمعة.,B,تُفتح المكتبة كل يوم ما عدا يوم الجمعة.,,,,,,,
510,AR-POL-029,ar-ru,official_political,يحظر القانون الجديد على الأحزاب تلقي تمويل من جهات أجنبية.,Новый закон запрещает партиям получать финансирование из иностранных источников.,B,Новый закон запрещает партиям получать финансирование от иностранных источников.,,,,,,,
511,AR-NND-012,ar-ru,negation_numbers_dates_names,افتُتح المعرض في ٢٠ أكتوبر ٢٠٢٦ ويستمر حتى ٥ نوفمبر.,Выставка открылась 20 октября 2026 года и продлится до 5 ноября.,A,Выставка открылась 20 октября 2026 года и продлится до 5 ноября.,,,,,,,
512,RA-NND-014,ru-ar,negation_numbers_dates_names,"Пострадавших нет, однако 14 зданий получили повреждения.",لا توجد إصابات، غير أن 14 مبنى تعرضت لأضرار.,A,لا يوجد ضحايا، ولكن 14 مبنى تضرّر.,,,,,,,
513,AR-DIP-012,ar-ru,diplomatic,أكدت الدولتان التزامهما بحل الخلافات بالطرق السلمية.,Оба государства подтвердили приверженность урегулированию разногласий мирными средствами.,B,Обе страны подтвердили свое обязательство решать разногласия мирными средствами.,,,,,,,
514,RA-POL-001,ru-ar,official_political,Парламент принял новый закон.,أقرّ البرلمان قانونًا جديدًا.,A,اعتمد البرلمان قانوناً جديداً.,,,,,,,
515,RA-GEN-011,ru-ar,general,Дети играют во дворе.,يلعب الأطفال في الفناء.,B,يلعب الأطفال في الساحة.,,,,,,,
516,AR-NND-006,ar-ru,negation_numbers_dates_names,لم تُسجَّل أي إصابات بالفيروس خلال الأيام الـ14 الماضية.,За последние 14 дней не зарегистрировано ни одного случая заражения вирусом.,A,За последние 14 дней не было зарегистрировано случаев заболевания вирусом.,,,,,,,
517,AR-GEN-042,ar-ru,general,على الرغم من الزحام الشديد، تمكنّا من شراء كل ما نحتاج إليه قبل إغلاق المحلات.,"Несмотря на сильную толкотню, мы успели купить всё необходимое до закрытия магазинов.",A,"Несмотря на сильное давление, мы смогли купить всё, что нам было нужно, до закрытия магазинов.",,,,,,,
518,AR-MIL-019,ar-ru,military,أكد وزير الدفاع أن زيادة الإنفاق العسكري تهدف إلى تحديث المعدات لا إلى توسيع عدد القوات.,"Министр обороны подчеркнул, что рост военных расходов направлен на модернизацию техники, а не на увеличение численности войск.",A,"Министр обороны подтвердил, что увеличение военных расходов направлено на обновление вооружения, а не на расширение численности войск.",,,,,,,
519,AR-POL-005,ar-ru,official_political,انتقد زعيم المعارضة قرار الحكومة.,Лидер оппозиции раскритиковал решение правительства.,B,Критиковал лидер оппозиции решение правительства.,,,,,,,
520,AR-GEN-048,ar-ru,general,حدّثتنا جدتي عن أيام كانت فيها المدينة صغيرة، ولم يكن فيها سوى شارع واحد مرصوف.,"Бабушка рассказывала нам о временах, когда город был маленьким и в нём была всего одна мощёная улица.",A,"Нам рассказала бабушка о днях, когда город был маленьким, и в нём был только один улица, покрытая тротуаром.",,,,,,,
521,RA-GEN-030,ru-ar,general,Компания объявила о наборе новых сотрудников.,أعلنت الشركة عن توظيف موظفين جدد.,B,أعلنت الشركة عن توظيف موظفين جدد.,,,,,,,
522,AR-GEN-014,ar-ru,general,فقدت هاتفي في السوق.,Я потерял телефон на рынке.,B,Я потеряла свой телефон на рынке.,,,,,,,
523,RA-AMB-013,ru-ar,polysemy_idioms,"Не откладывай на завтра то, что можно сделать сегодня.",لا تؤجّل عمل اليوم إلى الغد.,B,لا تؤجل إلى الغد ما يمكنك فعله اليوم.,,,,,,,
524,RA-GEN-042,ru-ar,general,"Хотя погода была плохой, на праздник пришло много людей: одни принесли угощение, другие помогали украшать площадь.",على الرغم من سوء الطقس، حضر الاحتفال عدد كبير من الناس: أحضر بعضهم الطعام، وساعد آخرون في تزيين الساحة.,B,على الرغم من أن الطقس كان سيئًا، إلا أن الكثير من الناس حضروا الاحتفال: بعضهم جاؤوا بوجبات خفيفة، وبعضهم ساعدوا في تزيين الساحة.,,,,,,,
525,RA-GEN-045,ru-ar,general,"Чем раньше вы подадите документы, тем больше шансов получить место в общежитии.",كلما قدّمتم الوثائق مبكرًا زادت فرصتكم في الحصول على مكان في السكن الجامعي.,A,كلما أرسلت الوثائق مبكرًا، زادت فرصك في الحصول على مكان في السكن الجامعي.,,,,,,,
526,RA-LIT-013,ru-ar,literary,"Мы шли молча, и только скрип снега под ногами напоминал, что мир ещё не уснул.",كنا نسير صامتين، ولم يكن يذكّرنا بأن العالم لم ينم بعد سوى صرير الثلج تحت أقدامنا.,B,كنا نسير صامتين، وإذا بقرص الثلج تحت أقدامنا يذكّرنا بأن العالم لم ينام بعد.,,,,,,,
527,AR-LIT-012,ar-ru,literary,في عينيه حزن لا تقوله الكلمات.,"В его глазах была печаль, которую не выразить словами.",B,"В его глазах — печаль, которую не выразят слова.",,,,,,,
528,AR-GEN-045,ar-ru,general,كلما تأخرت في حجز التذكرة ارتفع سعرها.,"Чем позже бронируешь билет, тем он дороже.",B,"Чем позже вы бронируете билет, тем выше становится его цена.",,,,,,,
529,RA-GEN-006,ru-ar,general,Я люблю читать книги по истории.,أحب قراءة كتب التاريخ.,B,أنا أحب قراءة الكتب عن التاريخ.,,,,,,,
530,RA-AMB-011,ru-ar,polysemy_idioms,Он попал пальцем в небо.,أخطأ الهدف تمامًا.,A,أخطأ في الهدف.,,,,,,,
531,RA-NND-010,ru-ar,negation_numbers_dates_names,Договор не может быть изменён без согласия обеих сторон.,لا يجوز تعديل المعاهدة دون موافقة الطرفين.,A,لا يمكن تعديل العقد دون موافقة كل من الطرفين.,,,,,,,
532,AR-GEN-050,ar-ru,general,حتى نتجنب الازدحام، خرجنا من البيت قبل شروق الشمس.,"Чтобы избежать пробок, мы вышли из дома до восхода солнца.",A,"Чтобы избежать скопления людей, мы вышли из дома до восхода солнца.",,,,,,,
533,RA-SCI-002,ru-ar,science_tech,Учёные открыли новый вид бактерий.,اكتشف العلماء نوعًا جديدًا من البكتيريا.,B,اكتشف العلماء نوعًا جديدًا من البكتيريا.,,,,,,,
534,RA-NND-011,ru-ar,negation_numbers_dates_names,Компания «Газпром» и ОАЭ подписали соглашение 1 октября 2026 года.,وقّعت شركة «غازبروم» والإمارات العربية المتحدة اتفاقية في 1 أكتوبر 2026.,B,"وقعت شركة ""غазبروم"" ودولة الإمارات العربية المتحدة اتفاقية في 1 أكتوبر 2026.",,,,,,,
535,RA-AMB-008,ru-ar,polysemy_idioms,Учёные изучают мир микроорганизмов.,يدرس العلماء عالم الكائنات الدقيقة.,A,يدرس العلماء عالم الكائنات الدقيقة.,,,,,,,
536,RA-LIT-008,ru-ar,literary,"Он вспомнил запах хлеба, который по утрам пекла мать.",تذكّر رائحة الخبز الذي كانت أمه تخبزه في الصباح.,B,تذكّر رائحة الخبز التي كانت تخبزها الأم في الصباح.,,,,,,,
537,RA-SCI-015,ru-ar,science_tech,"Модель обучалась на корпусе из 2 миллионов предложений, однако её точность на новых данных оказалась ниже ожидаемой.",دُرّب النموذج على مدوّنة تضم 2 مليون جملة، إلا أن دقته على البيانات الجديدة جاءت أقل من المتوقع.,B,تم تدريب النموذج على مجموعة بيانات تتكون من مليوني جملة، غير أن دقته على البيانات الجديدة كانت أقل مما هو متوقع.,,,,,,,
538,RA-GEN-013,ru-ar,general,Вода в реке была холодной.,كانت مياه النهر باردة.,B,كان الماء في النهر بارداً.,,,,,,,
539,AR-AMB-015,ar-ru,polysemy_idioms,قرر المجلس تشكيل لجنة لمتابعة العملية الانتخابية، بينما أجرى الجراحون العملية بنجاح.,"Совет решил создать комиссию для контроля за избирательным процессом, а хирурги успешно провели операцию.",A,"Палата решила создать комиссию для наблюдения за избирательным процессом, в то время как хирурги успешно провели операцию.",,,,,,,
540,RA-NND-010,ru-ar,negation_numbers_dates_names,Договор не может быть изменён без согласия обеих сторон.,لا يجوز تعديل المعاهدة دون موافقة الطرفين.,B,لا يجوز تعديل العقد دون موافقة الطرفين.,,,,,,,
541,RA-POL-014,ru-ar,official_political,Министр внутренних дел заявил о необходимости реформы полиции.,أكد وزير الداخلية ضرورة إصلاح جهاز الشرطة.,B,أعلن وزير الداخلية عن ضرورة إصلاح الشرطة.,,,,,,,
542,AR-GEN-002,ar-ru,general,المطعم مغلق يوم الأحد.,Ресторан закрыт в воскресенье.,A,Ресторан закрыт по воскресеньям.,,,,,,,
543,AR-AMB-017,ar-ru,polysemy_idioms,لا يزال الطريق طويلًا أمام المفاوضين.,Переговорщикам ещё предстоит долгий путь.,A,Путь ещё длинный перед переговорщиками.,,,,,,,
544,RA-GEN-005,ru-ar,general,Где находится ближайшая аптека?,أين تقع أقرب صيدلية؟,A,أين تقع أقرب صيدلية؟,,,,,,,
545,RA-AMB-004,ru-ar,polysemy_idioms,коса,ضفيرة / منجل,A,حذاء,,,,,,,
546,AR-MIL-018,ar-ru,military,لن تُرفع القيود على حركة السفن في المضيق قبل انتهاء عمليات إزالة الألغام.,Ограничения на движение судов в проливе не будут сняты до завершения работ по разминированию.,B,Не будут сняты ограничения на движение судов в узком проливе до окончания операций по минной разминке.,,,,,,,
547,AR-DIP-007,ar-ru,diplomatic,أعربت وزارة الخارجية عن إدانتها الشديدة للهجوم على البعثة الدبلوماسية.,Министерство иностранных дел решительно осудило нападение на дипломатическую миссию.,B,Министерство иностранных дел выразило свой решительный протест в связи с нападением на дипломатическую миссию.,,,,,,,
548,AR-GEN-006,ar-ru,general,أشرب القهوة كل صباح.,Я пью кофе каждое утро.,A,Я пью кофе каждое утро.,,,,,,,
549,AR-SCI-010,ar-ru,science_tech,سُجّلت براءة اختراع لجهاز جديد لتحلية المياه.,Зарегистрирован патент на новое устройство для опреснения воды.,B,Зарегистрирована патентная защита нового устройства для десалинации воды.,,,,,,,
550,RA-NND-003,ru-ar,negation_numbers_dates_names,Встреча назначена на 15 мая 2026 года.,حُدد موعد الاجتماع في 15 مايو 2026.,A,المقابلة مقررة في 15 مايو 2026.,,,,,,,
551,RA-SCI-002,ru-ar,science_tech,Учёные открыли новый вид бактерий.,اكتشف العلماء نوعًا جديدًا من البكتيريا.,A,أفادت الدراسات العلمية عن اكتشاف نوع جديد من البكتيريا.,,,,,,,
552,RA-NND-020,ru-ar,negation_numbers_dates_names,"Если ответ не будет получен до 18:00, заявка будет отклонена.",إذا لم يُتلقَّ الرد قبل الساعة 18:00 فسيُرفض الطلب.,B,إذا لم يتم الحصول على الرد قبل الساعة 18:00، سيتم رفض الطلب.,,,,,,,
553,RA-GEN-028,ru-ar,general,"Рынок открывается рано утром, когда ещё прохладно.",يُفتح السوق في الصباح الباكر حين يكون الجو لا يزال باردًا.,B,يُفتح السوق في وقت مبكر من الصباح، بينما لا يزال الجو بارداً.,,,,,,,
554,AR-NND-005,ar-ru,negation_numbers_dates_names,ليس لدي وقت اليوم.,У меня сегодня нет времени.,A,У меня сегодня нет времени.,,,,,,,
555,AR-GEN-016,ar-ru,general,أتعلم اللغة الروسية منذ ثلاث سنوات.,Я изучаю русский язык уже три года.,A,Я учусь русскому языку три года.,,,,,,,
556,AR-DIP-010,ar-ru,diplomatic,رحّب مجلس التعاون لدول الخليج العربية بنتائج القمة.,Совет сотрудничества арабских государств Персидского залива приветствовал итоги саммита.,B,Совет сотрудничества государств Персидского залива приветствовал итоги саммита.,,,,,,,
557,RA-DIP-010,ru-ar,diplomatic,Совет Безопасности провёл экстренное заседание по ситуации на границе.,عقد مجلس الأمن جلسة طارئة بشأن الوضع على الحدود.,B,عقد مجلس الأمن اجتماعًا طارئًا بشأن الوضع على الحدود.,,,,,,,
558,AR-GEN-027,ar-ru,general,حاولنا الاتصال به مرات عديدة، لكن هاتفه كان مغلقًا.,"Мы много раз пытались ему дозвониться, но его телефон был выключен.",A,"Мы пытались связаться с ним много раз, но его телефон был выключен.",,,,,,,
559,AR-SCI-011,ar-ru,science_tech,تبلغ سرعة الضوء في الفراغ نحو 300 ألف كيلومتر في الثانية.,Скорость света в вакууме составляет около 300 тысяч километров в секунду.,A,Скорость света в вакууме составляет около 300 тысяч километров в секунду.,,,,,,,
560,AR-DIP-006,ar-ru,diplomatic,أعيد فتح السفارة بعد عامين.,Посольство вновь открылось через два года.,B,Сфера была снова открыта спустя два года.,,,,,,,
561,AR-LIT-004,ar-ru,literary,أزهرت أشجار البرتقال في الربيع.,Весной зацвели апельсиновые деревья.,A,Апельсиновые деревья зацвели весной.,,,,,,,
562,RA-GEN-035,ru-ar,general,"Чтобы получить визу, нужно заполнить анкету и приложить фотографию.",للحصول على التأشيرة يجب ملء الاستمارة وإرفاق صورة شخصية.,A,للحصول على التأشيرة، يجب ملء استمارة وتقديم صورة.,,,,,,,
563,RA-NND-013,ru-ar,negation_numbers_dates_names,"Не исключено, что переговоры, которые должны были начаться 3 марта, будут перенесены как минимум на две недели.",ليس من المستبعد أن تُؤجَّل المفاوضات التي كان من المقرر أن تبدأ في 3 مارس أسبوعين على الأقل.,A,لا يستبعد أن تؤجل المفاوضات التي كان من المفترض أن تبدأ في 3 مارس على الأقل لمدة أسبوعين.,,,,,,,
564,RA-NND-005,ru-ar,negation_numbers_dates_names,Нельзя курить в здании.,يُمنع التدخين داخل المبنى.,A,منع التدخين داخل المبنى.,,,,,,,
565,AR-POL-007,ar-ru,official_political,صادق البرلمان على الاتفاقية.,Парламент ратифицировал соглашение.,A,Парламент одобрил соглашение.,,,,,,,
566,RA-NND-004,ru-ar,negation_numbers_dates_names,В зале было 250 человек.,كان في القاعة 250 شخصًا.,A,كان هناك 250 شخصًا في القاعة.,,,,,,,
567,RA-POL-005,ru-ar,official_political,Оппозиция выступила с критикой бюджета.,انتقدت المعارضة الميزانية.,A,أصدرت المعارضة انتقادًا للميزانية.,,,,,,,
568,RA-AMB-007,ru-ar,polysemy_idioms,Стороны наконец заключили мир.,عقد الطرفان السلام أخيرًا.,B,أخيرًا وافقت الطرفان على السلام.,,,,,,,
569,AR-GEN-044,ar-ru,general,عمل والدي معلمًا ثلاثين عامًا، وما زال طلابه القدامى يزورونه في الأعياد.,"Мой отец тридцать лет проработал учителем, и его бывшие ученики до сих пор навещают его по праздникам.",B,"Родители работали учителем тридцать лет, и его старые ученики всё ещё навещают его в праздники.",,,,,,,
570,RA-DIP-015,ru-ar,diplomatic,В совместном заявлении стороны подтвердили уважение суверенитета и территориальной целостности государств региона и отказ от применения силы.,أكد الطرفان في بيانهما المشترك احترام سيادة دول المنطقة ووحدة أراضيها ونبذ استخدام القوة.,B,أكدت الطرفان في بيان مشترك Sie respect sovereignty and territorial integrity of the states in the region and renounced the use of force.,,,,,,,
571,AR-DIP-020,ar-ru,diplomatic,أبدت الحكومة استعدادها لاستئناف المفاوضات، شريطة أن تتوقف الأعمال العدائية أولًا.,"Правительство выразило готовность возобновить переговоры при условии, что сначала будут прекращены враждебные действия.",A,"Правительство выразило готовность возобновить переговоры при условии, что в первую очередь прекратятся боевые действия.",,,,,,,
572,AR-POL-014,ar-ru,official_political,أكد رئيس الوزراء أن الحكومة ماضية في تنفيذ برنامج الإصلاح الاقتصادي.,"Премьер-министр заявил, что правительство продолжит осуществление программы экономических реформ.",B,"Премьер-министр заявил, что правительство продолжает реализацию программы экономических реформ.",,,,,,,
573,RA-POL-030,ru-ar,official_political,"Хотя закон вступил в силу ещё в январе, многие его положения до сих пор не применяются на практике.",على الرغم من أن القانون دخل حيز التنفيذ منذ يناير، فإن كثيرًا من أحكامه لا تُطبَّق عمليًا حتى الآن.,A,على الرغم من دخول القانون حيز التنفيذ منذ يناير، إلا أن العديد من أحكامه لم تُطبَّق حتى الآن في الواقع.,,,,,,,
574,RA-GEN-043,ru-ar,general,"Врачи предупреждают, что недостаток сна снижает внимание и повышает риск несчастных случаев на дорогах.",يحذّر الأطباء من أن قلة النوم تُضعف الانتباه وتزيد من خطر حوادث الطرق.,B,يحذر الأطباء من أن قلة النوم تقلل الانتباه وتزيد من خطر الحوادث المرورية.,,,,,,,
575,RA-POL-017,ru-ar,official_political,Правящая партия выдвинула своего кандидата на пост мэра столицы.,رشّح الحزب الحاكم مرشحه لمنصب عمدة العاصمة.,B,أعلنت الحزب الحاكم ترشيح مرشحه لمنصب عمدة العاصمة.,,,,,,,
576,AR-GEN-025,ar-ru,general,ارتفعت أسعار الإيجارات في العاصمة خلال الأشهر الأخيرة.,За последние месяцы в столице выросла арендная плата.,A,В столице за последние месяцы выросли цены на аренду.,,,,,,,
577,RA-GEN-017,ru-ar,general,Спасибо за вашу помощь.,شكرًا على مساعدتكم.,B,شكراً لمساعدتكم.,,,,,,,
578,AR-NND-007,ar-ru,negation_numbers_dates_names,ارتفع معدل التضخم إلى 4.8% في سبتمبر.,"Уровень инфляции в сентябре вырос до 4,8%.",A,"Уровень инфляции вырос до 4,8% в сентябре.",,,,,,,
579,RA-LIT-007,ru-ar,literary,"Ветер гнал по улице сухие листья, и город казался пустым.",كانت الريح تسوق الأوراق اليابسة في الشارع، وبدت المدينة خالية.,A,ألقى الريح أوراق الجافة في الشارع، وكأن المدينة تبدو خاوية.,,,,,,,
580,RA-POL-016,ru-ar,official_political,Глава государства обратился к нации с ежегодным посланием.,ألقى رئيس الدولة خطابه السنوي إلى الأمة.,A,ألقى رئيس الدولة الخطاب السنوي إلى الأمة.,,,,,,,
581,RA-NND-006,ru-ar,negation_numbers_dates_names,Ни один из кандидатов не набрал необходимых 50% голосов.,لم يحصل أي من المرشحين على نسبة 50% اللازمة من الأصوات.,B,لم يحصل أي من المرشحين على النسبة المطلوبة من الأصوات، وهي 50%.,,,,,,,
582,RA-LIT-014,ru-ar,literary,"Письмо пролежало в ящике стола сорок лет, и бумага пожелтела, но чернила не выцвели.",ظلت الرسالة في درج المكتب أربعين عامًا، فاصفرّ الورق، لكن الحبر لم يبهت.,B,كانت الرسالة تكمن في صندوق المكتب لمدة أربعين عامًا، وباتت الورقة صفراء، لكن الحبر لم يفقد لونه.,,,,,,,
583,AR-POL-007,ar-ru,official_political,صادق البرلمان على الاتفاقية.,Парламент ратифицировал соглашение.,B,Парламент утвердил конвенцию.,,,,,,,
584,AR-LIT-010,ar-ru,literary,لم يبقَ من البيت القديم إلا جدار تتسلقه الكروم.,"От старого дома осталась лишь стена, увитая виноградом.",B,"От старого дома остался лишь забор, по которому карабкаются виноградные лозы.",,,,,,,
585,RA-AMB-017,ru-ar,polysemy_idioms,Военная операция продолжалась три дня.,استمرت العملية العسكرية ثلاثة أيام.,B,استمرت العملية العسكرية ثلاثة أيام.,,,,,,,
586,RA-GEN-034,ru-ar,general,Городские власти решили отремонтировать старый мост.,قررت سلطات المدينة ترميم الجسر القديم.,A,قررت السلطات البلدية إصلاح الجسر القديم.,,,,,,,
587,AR-LIT-004,ar-ru,literary,أزهرت أشجار البرتقال في الربيع.,Весной зацвели апельсиновые деревья.,B,В весенний период цвели апельсиновые деревья.,,,,,,,
588,AR-GEN-037,ar-ru,general,افتُتح في المدينة مستشفى جديد للأطفال.,В городе открылась новая детская больница.,A,В городе открылся новый детский больница.,,,,,,,
589,RA-SCI-003,ru-ar,science_tech,Земля вращается вокруг Солнца.,تدور الأرض حول الشمس.,A,تدور الأرض حول الشمس.,,,,,,,
590,RA-LIT-007,ru-ar,literary,"Ветер гнал по улице сухие листья, и город казался пустым.",كانت الريح تسوق الأوراق اليابسة في الشارع، وبدت المدينة خالية.,B,نفخت الرياح بأوراق جافة على طول الشارع، و بدا المدينة فارغة.,,,,,,,
591,RA-POL-001,ru-ar,official_political,Парламент принял новый закон.,أقرّ البرلمان قانونًا جديدًا.,B,البرلمان أقر قانونًا جديدًا.,,,,,,,
592,RA-GEN-011,ru-ar,general,Дети играют во дворе.,يلعب الأطفال في الفناء.,A,الдети يلعبون في الساحة.,,,,,,,
593,RA-DIP-003,ru-ar,diplomatic,Министры обсудили двустороннее сотрудничество.,بحث الوزيران التعاون الثنائي.,A,ناقش الوزراء التعاون الثنائي.,,,,,,,
594,RA-MIL-005,ru-ar,military,Флот получил новый фрегат.,تسلّمت البحرية فرقاطة جديدة.,B,حصل الأسطول على فرقاطة جديدة.,,,,,,,
595,RA-POL-019,ru-ar,official_political,Оппозиционные партии договорились выступить единым списком.,اتفقت أحزاب المعارضة على خوض الانتخابات بقائمة موحدة.,B,وصلت الأحزاب المعارضة إلى اتفاق لتقديم قائمة موحدة.,,,,,,,
596,RA-GEN-024,ru-ar,general,Студенты должны сдать курсовые работы до конца месяца.,يجب على الطلاب تسليم أبحاثهم الفصلية قبل نهاية الشهر.,A,يجب على الطلاب تسليم الأعمال الدراسية قبل نهاية الشهر.,,,,,,,
597,AR-GEN-005,ar-ru,general,أين محطة الحافلات؟,Где автобусная остановка?,A,Где автобусная станция?,,,,,,,
598,RA-POL-024,ru-ar,official_political,"Согласно предварительным данным избирательной комиссии, ни одна из партий не набрала абсолютного большинства, поэтому вероятно формирование коалиционного правительства.",وفقًا للنتائج الأولية الصادرة عن لجنة الانتخابات، لم يحصل أي حزب على الأغلبية المطلقة، ولذلك يُرجَّح تشكيل حكومة ائتلافية.,A,بحسب البيانات الأولية من لجنة الانتخابات، لم تحقق أي من الأحزاب أغلبية مطلقة، لذلك من المرجح تشكيل حكومة ائتلافية.,,,,,,,
599,RA-SCI-009,ru-ar,science_tech,Повышение температуры океана угрожает коралловым рифам.,يهدد ارتفاع درجة حرارة المحيطات الشعاب المرجانية.,B,يرفع ارتفاع درجة حرارة المحيط خطرًا على الشعاب المرجانية.,,,,,,,
600,RA-DIP-011,ru-ar,diplomatic,Посольство рекомендовало гражданам воздержаться от поездок в приграничные районы.,أوصت السفارة المواطنين بالامتناع عن السفر إلى المناطق الحدودية.,B,أوصى السفارة المواطنين بعدم السفر إلى المناطق الحدودية.,,,,,,,
601,RA-LIT-009,ru-ar,literary,Дорога петляла между холмами и исчезала в синей дымке.,كان الطريق يتعرج بين التلال ويختفي في ضباب أزرق.,B,كانت الطريق تلتف بين التلال وتختفي في الضباب الأزرق.,,,,,,,
602,AR-GEN-018,ar-ru,general,تقع المدرسة بالقرب من النهر.,Школа находится недалеко от реки.,B,Школа находится рядом с рекой.,,,,,,,
603,RA-GEN-048,ru-ar,general,"Сосед рассказал, что в детстве этот район был окраиной, где паслись козы и не было ни одной асфальтированной дороги.",روى الجار أن هذا الحي كان في طفولته ضاحية ترعى فيها الماعز، ولم يكن فيه طريق معبّد واحد.,B,قال الجار إن هذا الحي في طفولته كان حيًا هامًا حيث كانت ترعى فيه الكباش ولا كانت هناك أي طرق مطورة بالأسفلت.,,,,,,,
604,AR-MIL-019,ar-ru,military,أكد وزير الدفاع أن زيادة الإنفاق العسكري تهدف إلى تحديث المعدات لا إلى توسيع عدد القوات.,"Министр обороны подчеркнул, что рост военных расходов направлен на модернизацию техники, а не на увеличение численности войск.",B,"Министр обороны подчеркнул, что увеличение военных расходов направлено на модернизацию вооружения, а не на расширение численности войск.",,,,,,,
605,AR-GEN-017,ar-ru,general,شكرًا جزيلًا على الهدية.,Большое спасибо за подарок.,B,Большое спасибо за подарок.,,,,,,,
606,AR-POL-002,ar-ru,official_political,استقال وزير المالية.,Министр финансов подал в отставку.,B,Министр финансов подал в отставку.,,,,,,,
607,RA-NND-001,ru-ar,negation_numbers_dates_names,Он не пришёл на собрание.,لم يحضر الاجتماع.,A,لم يحضر الاجتماع.,,,,,,,
608,AR-NND-018,ar-ru,negation_numbers_dates_names,مدة العقد خمس سنوات قابلة للتجديد مرة واحدة فقط.,Срок действия контракта — пять лет с возможностью однократного продления.,A,Срок договора составляет пять лет и может быть продлен только один раз.,,,,,,,
609,AR-POL-017,ar-ru,official_political,أعلن الحزب انسحابه من الحكومة الائتلافية.,Партия объявила о выходе из коалиционного правительства.,B,Партия объявила о выходе из коалиционного правительства.,,,,,,,
610,AR-POL-023,ar-ru,official_political,أوضح الناطق باسم الحكومة أن رفع أسعار الوقود لن يشمل وسائل النقل العام، وأن الدولة ستتحمل الفارق.,"Официальный представитель правительства пояснил, что повышение цен на топливо не затронет общественный транспорт и что разницу покроет государство.",A,"Спикер правительства пояснил, что повышение цен на топливо не затронет общественный транспорт, и государство возьмет на себя разницу.",,,,,,,
611,AR-GEN-022,ar-ru,general,نصحتني الطبيبة بشرب كمية أكبر من الماء خلال اليوم.,Врач посоветовала мне пить больше воды в течение дня.,A,Врач посоветовала мне пить большее количество воды в течение дня.,,,,,,,
612,AR-SCI-019,ar-ru,science_tech,شارك في التجربة السريرية 800 متطوع تراوحت أعمارهم بين 18 و65 عامًا.,В клиническом испытании приняли участие 800 добровольцев в возрасте от 18 до 65 лет.,A,В клиническом испытании участвовали 800 добровольцев в возрасте от 18 до 65 лет.,,,,,,,
613,AR-GEN-042,ar-ru,general,على الرغم من الزحام الشديد، تمكنّا من شراء كل ما نحتاج إليه قبل إغلاق المحلات.,"Несмотря на сильную толкотню, мы успели купить всё необходимое до закрытия магазинов.",B,"Несмотря на сильную толпу, нам удалось купить всё необходимое до закрытия магазинов.",,,,,,,
614,AR-GEN-031,ar-ru,general,اعتذرت عن الحضور لأنها كانت مريضة.,"Она извинилась за то, что не пришла, потому что была больна.",B,"Я извинилась за свое отсутствие, так как она была больна.",,,,,,,
615,AR-MIL-018,ar-ru,military,لن تُرفع القيود على حركة السفن في المضيق قبل انتهاء عمليات إزالة الألغام.,Ограничения на движение судов в проливе не будут сняты до завершения работ по разминированию.,A,Ограничения на движение судов в проливе не будут сняты до завершения работ по разминированию.,,,,,,,
616,AR-POL-008,ar-ru,official_political,أعلنت لجنة الانتخابات النتائج النهائية.,Избирательная комиссия объявила окончательные результаты.,A,Избирательная комиссия объявила окончательные результаты.,,,,,,,
617,RA-DIP-007,ru-ar,diplomatic,Министр иностранных дел выразил обеспокоенность ухудшением гуманитарной ситуации в регионе.,أعرب وزير الخارجية عن قلقه إزاء تدهور الوضع الإنساني في المنطقة.,B,أعرب وزير الخارجية عن قلقه إزاء تفاقم الوضع الإنساني في المنطقة.,,,,,,,
618,AR-MIL-020,ar-ru,military,رصدت الرادارات طائرة مسيّرة مجهولة تحلّق على ارتفاع منخفض قرب المنشأة النفطية.,"Радары засекли неизвестный беспилотник, летевший на малой высоте вблизи нефтяного объекта.",A,"Радары обнаружили неизвестный дрон, летящий на низкой высоте рядом с нефтяной установкой.",,,,,,,
619,AR-LIT-009,ar-ru,literary,كان القارب يتمايل على صفحة الماء كورقة شجر.,"Лодка покачивалась на глади воды, словно лист.",B,"Лодка скользила по поверхности воды, как лист дерева.",,,,,,,
620,RA-GEN-027,ru-ar,general,"Мы долго искали гостиницу, но все номера были заняты.",بحثنا طويلًا عن فندق، لكن جميع الغرف كانت محجوزة.,B,بحثنا طويلاً عن فندق، لكن جميع الغرف كانت مشغولة.,,,,,,,
621,RA-LIT-004,ru-ar,literary,Ночь была тёмной и беззвёздной.,كان الليل مظلمًا خاليًا من النجوم.,B,كانت الليلة مظلمة وخالية من النجوم.,,,,,,,
622,AR-POL-018,ar-ru,official_political,أحال البرلمان مشروع القانون إلى اللجنة المختصة.,Парламент передал законопроект в профильный комитет.,A,Парламент передал проект закона в соответствующую комиссию.,,,,,,,
623,RA-SCI-019,ru-ar,science_tech,Ядерная энергетика обеспечивает около десяти процентов мирового производства электроэнергии.,توفر الطاقة النووية نحو عشرة في المئة من إنتاج الكهرباء في العالم.,A,تُوفِّر الطاقة النووية حوالي عشرة في المائة من إنتاج الكهرباء العالمي.,,,,,,,
624,AR-AMB-010,ar-ru,polysemy_idioms,الوقت كالسيف إن لم تقطعه قطعك.,"Время подобно мечу: если не ты его рассечёшь, оно рассечёт тебя.",A,"Время подобно мечу: если не отсекаешь его, оно отсекает тебя.",,,,,,,
625,RA-MIL-013,ru-ar,military,Пилоты отработали дозаправку в воздухе.,تدرّب الطيارون على التزود بالوقود جوًا.,A,أجرت الطيارون عملية تزويد الوقود في الجو.,,,,,,,
626,RA-LIT-005,ru-ar,literary,Старик долго смотрел на море.,ظل العجوز يحدّق في البحر طويلًا.,A,نظر الرجل المسن إلى البحر طويلاً.,,,,,,,
627,RA-GEN-020,ru-ar,general,Учитель задал нам трудное упражнение.,كلّفنا المعلم بتمرين صعب.,A,أعطى لنا المعلم تمارين صعبة.,,,,,,,
628,AR-MIL-006,ar-ru,military,زار رئيس الأركان الوحدات الحدودية.,Начальник генерального штаба посетил пограничные подразделения.,B,Главнокомандующий вооружёнными силами посетил пограничные подразделения.,,,,,,,
629,AR-NND-005,ar-ru,negation_numbers_dates_names,ليس لدي وقت اليوم.,У меня сегодня нет времени.,B,У меня сегодня нет времени.,,,,,,,
630,RA-AMB-015,ru-ar,polysemy_idioms,"Министр заявил, что вопрос о мостах между двумя странами решится после строительства нового моста через реку.",صرّح الوزير بأن مسألة مدّ الجسور بين البلدين ستُحل بعد بناء الجسر الجديد على النهر.,A,أعلن الوزير أن مسألة الجسور بين البلدين ستُحل بعد بناء جسر جديد عبر النهر.,,,,,,,
631,AR-LIT-013,ar-ru,literary,جلست العجوز على عتبة الدار تنتظر رسالة لن تأتي، وكانت تعرف ذلك، لكنها كانت تنتظر كل يوم.,"Старуха сидела на пороге дома в ожидании письма, которое не придёт; она знала это, но всё равно ждала каждый день.",A,"Старуха сидела на пороге дома, ожидая письма, которое не придет, и знала об этом, но ждала каждый день.",,,,,,,
632,RA-GEN-007,ru-ar,general,Поезд опоздал на двадцать минут.,تأخر القطار عشرين دقيقة.,B,تأخر القطار عن موعده بـ 20 دقيقة.,,,,,,,
633,RA-DIP-002,ru-ar,diplomatic,Стороны подписали меморандум о взаимопонимании.,وقّع الطرفان مذكرة تفاهم.,A,وقعت الأطراف على مذكرة تفاهم.,,,,,,,
634,AR-MIL-013,ar-ru,military,تتولى قوات حفظ السلام مراقبة المنطقة العازلة.,Миротворческие силы осуществляют контроль над буферной зоной.,B,Силы миротворцев осуществляют наблюдение за демилитаризованной зоной.,,,,,,,
635,RA-NND-011,ru-ar,negation_numbers_dates_names,Компания «Газпром» и ОАЭ подписали соглашение 1 октября 2026 года.,وقّعت شركة «غازبروم» والإمارات العربية المتحدة اتفاقية في 1 أكتوبر 2026.,A,وقعت شركة «غازبروم» والإمارات العربية المتحدة على اتفاق في 1 أكتوبر 2026.,,,,,,,
636,RA-GEN-019,ru-ar,general,Отец вернулся с работы поздно.,عاد الأب من العمل متأخرًا.,A,عاد الأب من العمل متأخرًا.,,,,,,,
637,RA-GEN-001,ru-ar,general,Доброе утро! Как вы себя чувствуете?,صباح الخير! كيف حالكم؟,B,الصباح الخير! كيف حالك؟,,,,,,,
638,RA-SCI-005,ru-ar,science_tech,Искусственный интеллект быстро развивается.,يتطور الذكاء الاصطناعي بسرعة.,A,يتطور الذكاء الاصطناعي بسرعة.,,,,,,,
639,AR-DIP-016,ar-ru,diplomatic,أشار الوزير إلى أن بلاده لن تشارك في المؤتمر ما لم تُدعَ جميع الأطراف المعنية.,"Министр указал, что его страна не примет участия в конференции, если не будут приглашены все заинтересованные стороны.",A,"Министр отметил, что его страна не примет участие в конференции, если не будут приглашены все заинтересованные стороны.",,,,,,,
640,AR-GEN-031,ar-ru,general,اعتذرت عن الحضور لأنها كانت مريضة.,"Она извинилась за то, что не пришла, потому что была больна.",A,"Я извинилась за отсутствие, потому что она была больна.",,,,,,,
641,AR-SCI-014,ar-ru,science_tech,خلص الباحثون إلى أن العلاقة بين المتغيرين ليست سببية، وأن عوامل أخرى قد تفسر الارتباط الملاحظ.,"Исследователи пришли к выводу, что связь между двумя переменными не является причинно-следственной и что наблюдаемую корреляцию могут объяснять другие факторы.",B,"Исследователи пришли к выводу, что связь между переменными не является причинно-следственной, и что другие факторы могут объяснить наблюдаемую корреляцию.",,,,,,,
642,RA-LIT-015,ru-ar,literary,"Она не плакала, когда поезд тронулся; заплакала она позже, когда в доме стало слишком тихо.",لم تبكِ عندما تحرك القطار؛ بكت لاحقًا، حين أصبح البيت هادئًا أكثر مما ينبغي.,B,لم تبكي عندما انطلق القطار؛ بل بكت لاحقاً عندما صار في المنزل هدوء شديد.,,,,,,,
643,RA-SCI-008,ru-ar,science_tech,Солнечные батареи преобразуют свет в электрическую энергию.,تحوّل الألواح الشمسية الضوء إلى طاقة كهربائية.,A,تُحوِّل الألواح الشمسية الضوء إلى طاقة كهربائية.,,,,,,,
644,AR-POL-003,ar-ru,official_political,تُجرى الانتخابات البرلمانية في نوفمبر.,Парламентские выборы пройдут в ноябре.,A,Выборы в парламент состоятся в ноябре.,,,,,,,
645,RA-POL-019,ru-ar,official_political,Оппозиционные партии договорились выступить единым списком.,اتفقت أحزاب المعارضة على خوض الانتخابات بقائمة موحدة.,A,اتفقت الأحزاب المعارضة على الترشح كقائمة موحدة.,,,,,,,
646,RA-NND-015,ru-ar,negation_numbers_dates_names,"Он не только не извинился, но и не признал свою ошибку.",لم يكتفِ بعدم الاعتذار، بل لم يعترف بخطئه أيضًا.,B,لم يعتذر فقط، بل لم يعترف بخطئه أيضًا.,,,,,,,
647,RA-MIL-008,ru-ar,military,Стороны договорились об обмене пленными при посредничестве третьей страны.,اتفق الطرفان على تبادل الأسرى بوساطة دولة ثالثة.,B,اتفقت الأطراف على تبادل الأسرى من خلال وساطة دولة ثالثة.,,,,,,,
648,RA-GEN-049,ru-ar,general,"Если бы я знал об этом раньше, я бы обязательно предупредил тебя.",لو كنت أعلم بذلك من قبل لحذّرتك بالتأكيد.,A,إذا كنت أعرف هذا مسبقًا، لكانني حذرتك بالتأكيد.,,,,,,,
649,AR-GEN-044,ar-ru,general,عمل والدي معلمًا ثلاثين عامًا، وما زال طلابه القدامى يزورونه في الأعياد.,"Мой отец тридцать лет проработал учителем, и его бывшие ученики до сих пор навещают его по праздникам.",A,"Мой отец работал учителем тридцать лет, и его старые ученики до сих пор посещают его во время праздников.",,,,,,,
650,RA-SCI-019,ru-ar,science_tech,Ядерная энергетика обеспечивает около десяти процентов мирового производства электроэнергии.,توفر الطاقة النووية نحو عشرة في المئة من إنتاج الكهرباء في العالم.,B,توفر الطاقة النووية حوالي عشرة في المائة من إنتاج الكهرباء العالمي.,,,,,,,
651,RA-AMB-007,ru-ar,polysemy_idioms,Стороны наконец заключили мир.,عقد الطرفان السلام أخيرًا.,A,أخيراً، توصلت الأطراف إلى صلح.,,,,,,,
652,AR-LIT-015,ar-ru,literary,لم يكن يملك من الدنيا سوى عوده وبضعة أغانٍ قديمة، لكنه كان يغني كأنه أغنى الناس.,"У него не было ничего на свете, кроме уда и нескольких старых песен, но пел он так, будто был богаче всех.",B,"Он не имел ничего на свете, кроме своей трости и нескольких старых песен, но пел, как будто был самым богатым человеком.",,,,,,,
653,RA-AMB-001,ru-ar,polysemy_idioms,ключ,مفتاح,A,مفتاح,,,,,,,
654,RA-POL-003,ru-ar,official_political,Выборы состоятся в следующем году.,ستُجرى الانتخابات في العام المقبل.,A,ستُعقد الانتخابات في العام القادم.,,,,,,,
655,AR-MIL-017,ar-ru,military,يبلغ مدى الصاروخ الجديد 300 كيلومتر، ويمكن إطلاقه من منصات متحركة.,Дальность новой ракеты составляет 300 километров; её можно запускать с мобильных пусковых установок.,A,"Дальность нового ракеты составляет 300 километров, и его можно запускать с подвижных пусковых установок.",,,,,,,
656,RA-GEN-023,ru-ar,general,Новая линия метро соединит центр города с аэропортом.,سيربط خط المترو الجديد وسط المدينة بالمطار.,A,الخط الجديد للمترو سيصل مركز المدينة بالطائرة.,,,,,,,
657,RA-AMB-015,ru-ar,polysemy_idioms,"Министр заявил, что вопрос о мостах между двумя странами решится после строительства нового моста через реку.",صرّح الوزير بأن مسألة مدّ الجسور بين البلدين ستُحل بعد بناء الجسر الجديد على النهر.,B,أعلن الوزير أن مسألة الجسور بين البلدين ستُحل بعد بناء جسر جديد عبر النهر.,,,,,,,
658,RA-AMB-016,ru-ar,polysemy_idioms,"Операция прошла успешно: хирурги удалили опухоль, не повредив нервы.",نجحت العملية: استأصل الجراحون الورم دون الإضرار بالأعصاب.,B,انتهت العملية بنجاح: قام الجراحون بحذف الورم دون إحداث أي ضرر لل أعصاب.,,,,,,,
659,AR-DIP-006,ar-ru,diplomatic,أعيد فتح السفارة بعد عامين.,Посольство вновь открылось через два года.,A,Снова открыта посольство спустя два года.,,,,,,,
660,AR-AMB-018,ar-ru,polysemy_idioms,يتمتع الرئيس بصلاحيات واسعة، لكنه لا يملك حق حل البرلمان.,"Президент обладает широкими полномочиями, но не имеет права распускать парламент.",A,"Президент обладает широкими полномочиями, но не имеет права распустить парламент.",,,,,,,
661,AR-GEN-047,ar-ru,general,يُطلب من الزوار الذين يرغبون في دخول المتحف ترك حقائبهم الكبيرة عند المدخل.,"Посетителей, желающих войти в музей, просят оставлять большие сумки у входа.",A,"От посетителей, желающих войти в музей, требуется оставлять большие сумки на входе.",,,,,,,
662,RA-GEN-014,ru-ar,general,Он забыл ключи дома.,نسي مفاتيحه في البيت.,B,نسي المفاتيح في المنزل.,,,,,,,
663,AR-POL-025,ar-ru,official_political,ينص الدستور المعدّل على تحديد ولاية رئيس الجمهورية بفترتين متتاليتين مدة كل منهما خمس سنوات.,Изменённая конституция ограничивает президентские полномочия двумя последовательными сроками по пять лет каждый.,A,Конституция в ее нынешней редакции устанавливает ограничение срока полномочий Президента Республики двумя последовательными мандатами по пять лет каждый.,,,,,,,
664,RA-NND-014,ru-ar,negation_numbers_dates_names,"Пострадавших нет, однако 14 зданий получили повреждения.",لا توجد إصابات، غير أن 14 مبنى تعرضت لأضرار.,B,لم يُسجَّل أي إصابات، إلَّا أن 14 مبنى تضرَّرت.,,,,,,,
665,RA-POL-015,ru-ar,official_political,Явка избирателей составила около шестидесяти процентов.,بلغت نسبة المشاركة في الانتخابات نحو ستين في المئة.,A,كانت نسبة حضور الناخبين حوالي ستين في المائة.,,,,,,,
666,RA-SCI-010,ru-ar,science_tech,Результаты исследования опубликованы в международном научном журнале.,نُشرت نتائج الدراسة في مجلة علمية دولية.,B,تم نشر نتائج الدراسة في مجلة علمية دولية.,,,,,,,
667,RA-POL-004,ru-ar,official_political,Правительство подало в отставку.,قدّمت الحكومة استقالتها.,B,قدمت الحكومة استقالتها.,,,,,,,
668,AR-MIL-004,ar-ru,military,أسقطت الدفاعات الجوية صاروخين.,Средства ПВО сбили две ракеты.,B,Воздушные силы сбили два ракеты.,,,,,,,
669,AR-DIP-010,ar-ru,diplomatic,رحّب مجلس التعاون لدول الخليج العربية بنتائج القمة.,Совет сотрудничества арабских государств Персидского залива приветствовал итоги саммита.,A,Совет сотрудничества стран Персидского залива приветствовал результаты саммита.,,,,,,,
670,RA-POL-029,ru-ar,official_political,"Министерство юстиции подготовило поправки, которые запрещают государственным служащим занимать должности в коммерческих компаниях.",أعدّت وزارة العدل تعديلات تحظر على موظفي الدولة شغل مناصب في الشركات التجارية.,A,أعدت وزارة العدل تعديلات تمنع الموظفين الحكوميين من شغل مناصب في الشركات التجارية.,,,,,,,
671,AR-SCI-006,ar-ru,science_tech,تنتقل العدوى عن طريق الهواء.,Инфекция передаётся воздушным путём.,B,Инфекция передается воздушно-капельным путем.,,,,,,,
672,RA-GEN-027,ru-ar,general,"Мы долго искали гостиницу, но все номера были заняты.",بحثنا طويلًا عن فندق، لكن جميع الغرف كانت محجوزة.,A,بحثنا عن فندق لفترة طويلة، ولكن جميع الغرف كانت محتلة.,,,,,,,
673,RA-DIP-002,ru-ar,diplomatic,Стороны подписали меморандум о взаимопонимании.,وقّع الطرفان مذكرة تفاهم.,B,وقعت الأطراف مемوراندوم تفاهم.,,,,,,,
674,RA-GEN-039,ru-ar,general,"Мне трудно понять, почему он отказался от такого предложения.",يصعب عليّ أن أفهم لماذا رفض مثل هذا العرض.,B,من الصعب عليّ فهم سبب رفضه لهذا العرض.,,,,,,,
675,RA-POL-027,ru-ar,official_political,"Комиссия рекомендовала правительству пересмотреть систему распределения субсидий, чтобы помощь получали прежде всего малообеспеченные семьи.",أوصت اللجنة الحكومة بمراجعة نظام توزيع الدعم بحيث تصل المساعدات في المقام الأول إلى الأسر محدودة الدخل.,A,أوصت اللجنة الحكومة بضرورة إعادة النظر في نظام توزيع الإعانات، بحيث تصل المساعدة أولاً إلى العائلات الفقيرة.,,,,,,,
676,RA-MIL-009,ru-ar,military,"Военные инженеры восстановили мост, разрушенный во время боевых действий.",أعاد المهندسون العسكريون بناء الجسر الذي دُمّر خلال العمليات القتالية.,B,استعاد المهندسون العسكريون الجسر الذي دُمر أثناء العمليات القتالية.,,,,,,,
677,RA-GEN-036,ru-ar,general,Соседи помогли нам перенести мебель.,ساعدنا الجيران في نقل الأثاث.,A,ساعدنا الجيران في نقل الأثاث.,,,,,,,
678,RA-SCI-006,ru-ar,science_tech,Вакцина прошла клинические испытания.,اجتاز اللقاح التجارب السريرية.,B,خضت اللقاح التجارب السريرية.,,,,,,,
679,RA-GEN-042,ru-ar,general,"Хотя погода была плохой, на праздник пришло много людей: одни принесли угощение, другие помогали украшать площадь.",على الرغم من سوء الطقس، حضر الاحتفال عدد كبير من الناس: أحضر بعضهم الطعام، وساعد آخرون في تزيين الساحة.,A,على الرغم من سوء الطقس، حضر الكثير من الناس إلى الاحتفال: فبعضهم أحضر أطعمة، بينما ساعد آخرون في تزيين الساحة.,,,,,,,
680,RA-SCI-006,ru-ar,science_tech,Вакцина прошла клинические испытания.,اجتاز اللقاح التجارب السريرية.,A,خضعت اللقاح لاختبارات سريرية.,,,,,,,
681,RA-GEN-016,ru-ar,general,Я изучаю арабский язык уже два года.,أدرس اللغة العربية منذ سنتين.,B,أنا أتعلم اللغة العربية منذ سنتين.,,,,,,,
682,AR-NND-004,ar-ru,negation_numbers_dates_names,حضر الاجتماع 75 مندوبًا.,На заседании присутствовали 75 делегатов.,A,На встречу прибыло 75 делегатов.,,,,,,,
683,AR-MIL-008,ar-ru,military,تبادل الطرفان إطلاق النار على طول خط التماس.,Стороны обменялись огнём вдоль линии соприкосновения.,B,Обе стороны обменялись огнём вдоль линии соприкосновения.,,,,,,,
684,AR-POL-011,ar-ru,official_political,ناقش مجلس الوزراء في جلسته الأسبوعية مشروع قانون الاستثمار.,На своём еженедельном заседании совет министров обсудил законопроект об инвестициях.,A,Кабинет министров обсудил в ходе своей еженедельной сессии проект закона об инвестициях.,,,,,,,
685,AR-GEN-014,ar-ru,general,فقدت هاتفي في السوق.,Я потерял телефон на рынке.,A,Я потерял свой телефон в магазине.,,,,,,,
686,AR-AMB-002,ar-ru,polysemy_idioms,سلام,мир / приветствие,A,Привет,,,,,,,
687,AR-NND-020,ar-ru,negation_numbers_dates_names,لم يُعثر على أي دليل يربط الشركة بالحادث، وفقًا للتقرير الصادر في 2 يونيو.,"Согласно докладу, опубликованному 2 июня, никаких доказательств связи компании с инцидентом не обнаружено.",A,"Согласно отчету, опубликованному 2 июня, не было обнаружено никаких доказательств, связывающих компанию с инцидентом.",,,,,,,
688,AR-POL-010,ar-ru,official_political,عُيّن سفير جديد في موسكو.,В Москву назначен новый посол.,A,Назначен новый посол в Москве.,,,,,,,
689,RA-POL-026,ru-ar,official_political,"Президент заявил, что не будет баллотироваться на второй срок, и призвал граждан принять участие в выборах.",أعلن الرئيس أنه لن يترشح لولاية ثانية، ودعا المواطنين إلى المشاركة في الانتخابات.,B,أعلن الرئيس أنه لن يترشح لولاية ثانية، ودعا المواطنين للانخراط في الانتخابات.,,,,,,,
690,RA-POL-010,ru-ar,official_political,Референдум назначен на весну.,حُدد موعد الاستفتاء في الربيع.,B,تم تحديد الاستفتاء لموسم الربيع.,,,,,,,
691,RA-GEN-029,ru-ar,general,Каждое лето семья проводит отпуск в деревне у бабушки.,تقضي الأسرة إجازتها كل صيف في قرية الجدة.,A,كل صيف تمضي العائلة إجازتها في القرية عند الجدة.,,,,,,,
692,AR-POL-026,ar-ru,official_political,أعلن الرئيس أنه لا ينوي حلّ البرلمان، داعيًا القوى السياسية إلى الحوار.,"Президент заявил, что не намерен распускать парламент, и призвал политические силы к диалогу.",B,"Президент заявил, что не намерен распустить парламент, призывая политические силы к диалогу.",,,,,,,
693,AR-LIT-002,ar-ru,literary,كان المطر ينقر على النافذة.,Дождь стучал в окно.,B,Дождь барабанил в окно.,,,,,,,
694,RA-NND-008,ru-ar,negation_numbers_dates_names,Мухаммед бин Салман встретился с Владимиром Путиным в Эр-Рияде.,التقى محمد بن سلمان بفلاديمير بوتين في الرياض.,A,استقبل محمد بن سلمان فلاديمير بوتين في الرياض.,,,,,,,
695,RA-POL-008,ru-ar,official_political,Министерство опубликовало официальное заявление.,نشرت الوزارة بيانًا رسميًا.,B,أصدرت الوزارة بيانًا رسميًا.,,,,,,,
696,AR-SCI-002,ar-ru,science_tech,طوّر الباحثون دواءً جديدًا لعلاج السكري.,Исследователи разработали новое лекарство для лечения диабета.,B,Исследователи разработали новый лекарство для лечения диабета.,,,,,,,
697,RA-SCI-020,ru-ar,science_tech,"Исследование, проведённое в 2025 году, охватило 3500 пациентов из 12 стран.",شملت الدراسة التي أُجريت عام 2025 ما مجموعه 3500 مريض من 12 دولة.,A,أجرى بحث في عام 2025 شمل 3500 مريض من 12 دولة.,,,,,,,
698,RA-MIL-008,ru-ar,military,Стороны договорились об обмене пленными при посредничестве третьей страны.,اتفق الطرفان على تبادل الأسرى بوساطة دولة ثالثة.,A,اتفقت الأطراف على تبادل الأسرى بوساطة دولة ثالثة.,,,,,,,
699,AR-MIL-001,ar-ru,military,أجرت القوات البحرية تدريبات في البحر الأحمر.,Военно-морские силы провели учения в Красном море.,B,Морские силы провели учения в Красном море.,,,,,,,
700,AR-POL-016,ar-ru,official_political,ألقى ولي العهد كلمة في افتتاح الدورة البرلمانية.,Наследный принц выступил с речью на открытии парламентской сессии.,A,Великий визирь выступил с речью на открытии парламентского заседания.,,,,,,,
701,AR-GEN-007,ar-ru,general,وصلت الطائرة في موعدها.,Самолёт прибыл вовремя.,A,Самолёт прибыл в назначенное время.,,,,,,,
702,AR-AMB-005,ar-ru,polysemy_idioms,شربنا من عين ماء صافية في سفح الجبل.,Мы пили из чистого родника у подножия горы.,A,Мы выпили из источника чистой воды у подножия горы.,,,,,,,
703,AR-POL-021,ar-ru,official_political,منح البرلمان الثقة للحكومة الجديدة.,Парламент выразил доверие новому правительству.,B,Парламент выразил доверие новому правительству.,,,,,,,
704,RA-DIP-005,ru-ar,diplomatic,Делегация прибыла в столицу с официальным визитом.,وصل الوفد إلى العاصمة في زيارة رسمية.,A,وصلت الوفد إلى العاصمة في زي رسمية.,,,,,,,
705,RA-POL-005,ru-ar,official_political,Оппозиция выступила с критикой бюджета.,انتقدت المعارضة الميزانية.,B,أبدت المعارضة انتقادها للحساب السنوي.,,,,,,,
706,RA-NND-012,ru-ar,negation_numbers_dates_names,Население города составляет 1 250 000 человек.,يبلغ عدد سكان المدينة 1250000 نسمة.,A,يبلغ عدد سكان المدينة 1.250.000 نسمة.,,,,,,,
707,RA-GEN-038,ru-ar,general,Автобусы ходят каждые пятнадцать минут.,تمر الحافلات كل خمس عشرة دقيقة.,A,تغادر الحافلات كل خمسة عشر دقيقة.,,,,,,,
708,RA-LIT-017,ru-ar,literary,"Ему казалось, что если он не обернётся, то прошлое так и останется за спиной, как город, который исчезает в зеркале заднего вида.",كان يخيَّل إليه أنه إن لم يلتفت فسيبقى الماضي خلفه، كمدينة تختفي في المرآة الخلفية.,B,أحسّ أنه إذا لم ينظر خلفه، فسوف يبقى الماضي خلفه كما يظلّ المدينة التي تختفي في المرآة الخلفية.,,,,,,,
709,AR-POL-001,ar-ru,official_political,أقرّ مجلس النواب الموازنة العامة.,Палата депутатов утвердила государственный бюджет.,A,Палата представителей утвердила общую бюджетную схему.,,,,,,,
710,AR-POL-023,ar-ru,official_political,أوضح الناطق باسم الحكومة أن رفع أسعار الوقود لن يشمل وسائل النقل العام، وأن الدولة ستتحمل الفارق.,"Официальный представитель правительства пояснил, что повышение цен на топливо не затронет общественный транспорт и что разницу покроет государство.",B,"Представитель правительства разъяснил, что повышение цен на топливо не коснется общественного транспорта, а разницу государство возьмет на себя.",,,,,,,
711,AR-MIL-007,ar-ru,military,أعلنت وزارة الدفاع رفع حالة التأهب في القواعد الجوية.,Министерство обороны объявило о повышении боеготовности на авиабазах.,A,Министерство обороны объявило о повышении уровня боевой готовности на авиабазах.,,,,,,,
712,AR-POL-020,ar-ru,official_political,مدّدت الحكومة حالة الطوارئ ثلاثة أشهر.,Правительство продлило чрезвычайное положение на три месяца.,A,Правительство продлило состояние чрезвычайного положения на три месяца.,,,,,,,
713,AR-NND-007,ar-ru,negation_numbers_dates_names,ارتفع معدل التضخم إلى 4.8% في سبتمبر.,"Уровень инфляции в сентябре вырос до 4,8%.",B,"Индекс инфляции вырос до 4,8% в сентябре.",,,,,,,
714,AR-GEN-027,ar-ru,general,حاولنا الاتصال به مرات عديدة، لكن هاتفه كان مغلقًا.,"Мы много раз пытались ему дозвониться, но его телефон был выключен.",B,"Мы пытались связаться с ним много раз, но его телефон был выключен.",,,,,,,
715,AR-POL-030,ar-ru,official_political,على الرغم من موافقة البرلمان على القانون في مارس، فإن لوائحه التنفيذية لم تصدر بعد.,"Хотя парламент одобрил закон ещё в марте, подзаконные акты к нему до сих пор не изданы.",B,"Несмотря на то, что парламент одобрил закон в марте, его положения еще не были опубликованы.",,,,,,,
716,AR-AMB-019,ar-ru,polysemy_idioms,لا بدّ من مراجعة الاتفاق قبل التوقيع عليه.,Соглашение необходимо пересмотреть до его подписания.,A,Невозможно подписать соглашение без его предварительного рассмотрения.,,,,,,,
717,AR-POL-026,ar-ru,official_political,أعلن الرئيس أنه لا ينوي حلّ البرلمان، داعيًا القوى السياسية إلى الحوار.,"Президент заявил, что не намерен распускать парламент, и призвал политические силы к диалогу.",A,"Президент объявил, что не намерен распустить парламент, призвав политические силы к диалогу.",,,,,,,
718,AR-GEN-036,ar-ru,general,ساعدني زميلي في إصلاح الحاسوب.,Коллега помог мне починить компьютер.,A,Мой коллега помог мне починить компьютер.,,,,,,,
719,AR-GEN-001,ar-ru,general,صباح الخير، هل نمت جيدًا؟,"Доброе утро, ты хорошо спал?",A,"Доброе утро, вы хорошо спали?",,,,,,,
720,AR-DIP-019,ar-ru,diplomatic,شدّد الجانبان على أهمية احترام قواعد القانون الدولي ومبادئ ميثاق الأمم المتحدة.,Стороны подчеркнули важность соблюдения норм международного права и принципов Устава ООН.,A,Обе стороны подчеркнули важность соблюдения правил международного права и принципов Устава Организации Объединенных Наций.,,,,,,,
721,AR-NND-010,ar-ru,negation_numbers_dates_names,لا يجوز للموظف إفشاء المعلومات السرية.,Сотрудник не вправе разглашать конфиденциальную информацию.,A,Сотрудник не вправе разглашать конфиденциальную информацию.,,,,,,,
722,AR-SCI-015,ar-ru,science_tech,اختُبر النظام على 1500 عينة، وبلغت دقته في التصنيف 94.3 في المئة.,"Система была протестирована на 1500 образцах, точность классификации составила 94,3 процента.",A,"Система была протестирована на 1500 образцах, и её точность классификации составила 94,3 процента.",,,,,,,
723,RA-POL-008,ru-ar,official_political,Министерство опубликовало официальное заявление.,نشرت الوزارة بيانًا رسميًا.,A,أصدرت الوزارة بيانًا رسميًا.,,,,,,,
724,AR-GEN-013,ar-ru,general,هذا الكتاب مفيد جدًا.,Эта книга очень полезна.,A,Этот книга очень полезна.,,,,,,,
725,AR-GEN-005,ar-ru,general,أين محطة الحافلات؟,Где автобусная остановка?,B,Где автобусная остановка?,,,,,,,
726,AR-SCI-001,ar-ru,science_tech,يتكون الهواء أساسًا من النيتروجين والأكسجين.,Воздух состоит в основном из азота и кислорода.,B,Воздух в основном состоит из азота и кислорода.,,,,,,,
727,RA-DIP-007,ru-ar,diplomatic,Министр иностранных дел выразил обеспокоенность ухудшением гуманитарной ситуации в регионе.,أعرب وزير الخارجية عن قلقه إزاء تدهور الوضع الإنساني في المنطقة.,A,أعرب وزير الخارجية عن قلقه إزاء تدهور الوضع الإنساني في المنطقة.,,,,,,,
728,AR-LIT-014,ar-ru,literary,كان النهر في الصيف هادئًا كأنه نائم، فإذا جاء الشتاء استيقظ غاضبًا وجرف كل ما في طريقه.,"Летом река была тихой, будто спала, а с приходом зимы просыпалась в гневе и сметала всё на своём пути.",A,"Лето река была тихой, словно спала, а когда наступала зима, она просыпалась разгневанной и сносила всё, что попадалось ей на пути.",,,,,,,
729,RA-GEN-014,ru-ar,general,Он забыл ключи дома.,نسي مفاتيحه في البيت.,A,نسيّ ключه في المنزل.,,,,,,,
730,RA-LIT-020,ru-ar,literary,"Море в тот вечер было спокойным, но рыбаки не вышли на лов: старики говорили, что такая тишина бывает перед бурей.",كان البحر هادئًا في ذلك المساء، لكن الصيادين لم يخرجوا للصيد، فقد قال الشيوخ إن مثل هذا السكون يسبق العاصفة.,A,كانت البحر في تلك الليلة هادئًا، ولكن الصيادين لم يخرجوا للصيد: قالوا الأكبرس أن هذه الهدوء يحدث قبل العواصف.,,,,,,,
731,RA-MIL-004,ru-ar,military,Противовоздушная оборона перехватила беспилотник.,اعترضت الدفاعات الجوية طائرة مسيّرة.,B,أدّت الدفاع الجوي اعتراض الطائرة بدون طيار.,,,,,,,
732,AR-AMB-016,ar-ru,polysemy_idioms,رفض الوزير الإجابة عن السؤال، معتبرًا أن الإجابة سابقة لأوانها.,"Министр отказался отвечать на вопрос, сочтя ответ преждевременным.",A,"Министр отказался отвечать на вопрос, считая ответ преждевременным.",,,,,,,
733,RA-GEN-003,ru-ar,general,Мой брат учится в университете.,يدرس أخي في الجامعة.,A,يُدرس أخي في الجامعة.,,,,,,,
734,RA-GEN-040,ru-ar,general,Конференция пройдёт в главном зале университета.,سيُعقد المؤتمر في القاعة الرئيسية للجامعة.,B,ستُعقد المؤتمر في القاعة الرئيسية للجامعة.,,,,,,,
735,AR-NND-012,ar-ru,negation_numbers_dates_names,افتُتح المعرض في ٢٠ أكتوبر ٢٠٢٦ ويستمر حتى ٥ نوفمبر.,Выставка открылась 20 октября 2026 года и продлится до 5 ноября.,B,Выставка открылась 20 октября 2026 года и продлится до 5 ноября.,,,,,,,
736,RA-POL-007,ru-ar,official_political,Депутаты проголосовали за поправки к конституции.,صوّت النواب لصالح التعديلات الدستورية.,A,صوت النواب لصالح التعديلات الدستورية.,,,,,,,
737,AR-LIT-016,ar-ru,literary,عاد إلى المدينة بعد عشرين عامًا، فوجد الشوارع قد تغيرت، لكن رائحة الخبز في الصباح بقيت كما هي.,"Он вернулся в город через двадцать лет: улицы изменились, но утренний запах хлеба остался прежним.",A,"Он вернулся в город спустя двадцать лет и обнаружил, что улицы изменились, но запах хлеба утром остался таким же.",,,,,,,
738,RA-MIL-002,ru-ar,military,Министр обороны посетил военную базу.,زار وزير الدفاع قاعدة عسكرية.,B,زار وزير الدفاع القاعدة العسكرية.,,,,,,,
739,RA-GEN-017,ru-ar,general,Спасибо за вашу помощь.,شكرًا على مساعدتكم.,A,شكرًا لمساعدتك.,,,,,,,
740,AR-LIT-003,ar-ru,literary,سكتت المدينة في منتصف الليل.,В полночь город затих.,B,В полночь город замер.,,,,,,,
741,RA-AMB-019,ru-ar,polysemy_idioms,"Поле было покрыто цветами, а в поле «Фамилия» он ничего не написал.",كان الحقل مغطى بالأزهار، أما خانة «اسم العائلة» فلم يكتب فيها شيئًا.,A,كانت الحقل مغطى بالزهور، بينما لم يكتب شيئًا في الحقل «الاسم».,,,,,,,
742,RA-NND-001,ru-ar,negation_numbers_dates_names,Он не пришёл на собрание.,لم يحضر الاجتماع.,B,لم يحضر الاجتماع.,,,,,,,
743,RA-LIT-011,ru-ar,literary,"Над пустыней взошла огромная луна, и пески стали серебряными.",أشرق فوق الصحراء قمر هائل، فصارت الرمال فضية.,A,أشرق القمر الضخم فوق الصحراء، فأصبح الرمال فضية اللون.,,,,,,,
744,RA-GEN-032,ru-ar,general,Из окна нашей квартиры видны горы.,تُرى الجبال من نافذة شقتنا.,B,من نافذة شقتنا نرى الجبال.,,,,,,,
745,AR-POL-029,ar-ru,official_political,يحظر القانون الجديد على الأحزاب تلقي تمويل من جهات أجنبية.,Новый закон запрещает партиям получать финансирование из иностранных источников.,A,Новый закон запрещает партиям получать финансирование от иностранных источников.,,,,,,,
746,RA-AMB-009,ru-ar,polysemy_idioms,Охотник натянул лук и выпустил стрелу.,شدّ الصياد قوسه وأطلق السهم.,B,شدّ الصياد القوس وأطلق السهم.,,,,,,,
747,RA-AMB-002,ru-ar,polysemy_idioms,мир,عالم / سلام,B,سلام,,,,,,,
748,AR-LIT-005,ar-ru,literary,ابتسم الطفل في نومه.,Ребёнок улыбнулся во сне.,B,Ребёнок улыбнулся во сне.,,,,,,,
749,RA-LIT-003,ru-ar,literary,Она улыбнулась сквозь слёзы.,ابتسمت من خلال دموعها.,A,ابتسمت من خلال دموعها.,,,,,,,
750,RA-GEN-001,ru-ar,general,Доброе утро! Как вы себя чувствуете?,صباح الخير! كيف حالكم؟,A,صباح الخير! كيف حالك؟,,,,,,,
751,RA-POL-025,ru-ar,official_political,"Законопроект, внесённый группой депутатов, предусматривает расширение полномочий местных советов в области образования и здравоохранения.",ينص مشروع القانون الذي قدّمته مجموعة من النواب على توسيع صلاحيات المجالس المحلية في مجالي التعليم والصحة.,B,يُقدّم مشروع القانون المُقدّم من قبل مجموعة من النواب توسيع صلاحيات المجالس المحلية في مجال التعليم والصحة.,,,,,,,
752,AR-AMB-006,ar-ru,polysemy_idioms,أصيب اللاعب في عينه اليسرى.,Игрок получил травму левого глаза.,A,Игрок получил травму левого глаза.,,,,,,,
753,RA-GEN-028,ru-ar,general,"Рынок открывается рано утром, когда ещё прохладно.",يُفتح السوق في الصباح الباكر حين يكون الجو لا يزال باردًا.,A,يفتح السوق مبكرًا في الصباح، عندما لا يزال الجو باردًا.,,,,,,,
754,AR-AMB-014,ar-ru,polysemy_idioms,ذهب أدراج الرياح.,Это пошло прахом.,B,Ушёл в прошлое.,,,,,,,
755,RA-POL-018,ru-ar,official_political,Законопроект будет рассмотрен во втором чтении в понедельник.,ستُناقَش مسودة القانون في القراءة الثانية يوم الاثنين.,A,سيُناقَش مشروع القانون في قراءته الثانية يوم الاثنين.,,,,,,,
756,RA-MIL-011,ru-ar,military,"Береговая охрана задержала судно, нарушившее территориальные воды.",احتجز خفر السواحل سفينة انتهكت المياه الإقليمية.,B,أوقفت حرس السواحل سفينة انتهكت المياه الإقليمية.,,,,,,,
757,RA-LIT-001,ru-ar,literary,Над рекой поднимался туман.,كان الضباب يتصاعد فوق النهر.,A,كان هناك ضباب يرتفع فوق النهر.,,,,,,,
758,RA-AMB-005,ru-ar,polysemy_idioms,Он нашёл ключ на дне ущелья: из-под камня била чистая холодная вода.,وجد ينبوعًا في قاع الوادي: كان ماء نقي بارد يتدفق من تحت صخرة.,B,وجدَه المفتاحَ في قاع الوديعة: كانت تنساب من تحت الصخر مياهٌ نظيفةٌ باردة.,,,,,,,
759,AR-POL-022,ar-ru,official_political,شكّل الرئيس لجنة للتحقيق في أسباب الأزمة.,Президент создал комиссию для расследования причин кризиса.,A,Президент сформировал комиссию для расследования причин кризиса.,,,,,,,
760,AR-AMB-016,ar-ru,polysemy_idioms,رفض الوزير الإجابة عن السؤال، معتبرًا أن الإجابة سابقة لأوانها.,"Министр отказался отвечать на вопрос, сочтя ответ преждевременным.",B,"Министр отказался отвечать на вопрос, посчитав, что ответ преждевременен.",,,,,,,
761,AR-LIT-007,ar-ru,literary,مشى على الرمل حافيًا، يتبع آثار قدميه التي تمحوها الأمواج.,"Он шёл по песку босиком, следуя за своими следами, которые смывали волны.",A,"Он шёл по песку босиком, следуя за следами своих ног, которые уносила волна.",,,,,,,
762,AR-MIL-012,ar-ru,military,تخرّجت دفعة جديدة من الضباط في الكلية الحربية.,Военное училище выпустило новую группу офицеров.,A,Новая группа офицеров окончила Военную академию.,,,,,,,
763,AR-NND-013,ar-ru,negation_numbers_dates_names,لم يكن من الممكن إنقاذ السفينة، غير أن جميع أفراد الطاقم الـ23 نجوا.,"Судно спасти не удалось, однако все 23 члена экипажа выжили.",B,"Спасение судна было невозможно, однако все 23 члена экипажа выжили.",,,,,,,
764,AR-POL-024,ar-ru,official_political,لم يتمكن أي من المرشحين من الحصول على أكثر من نصف الأصوات، ولذلك ستُجرى جولة إعادة بين المرشحَين الأولين.,"Ни одному из кандидатов не удалось набрать более половины голосов, поэтому между двумя лидерами пройдёт второй тур.",A,"Ни один из кандидатов не смог получить более половины голосов, поэтому будет проведена повторная избирательная кампания между двумя первыми кандидатами.",,,,,,,
765,RA-GEN-018,ru-ar,general,Наш дом стоит на берегу моря.,يقع بيتنا على شاطئ البحر.,B,بيتنا يقع على берег البحر.,,,,,,,
766,RA-POL-002,ru-ar,official_political,Президент подписал указ.,وقّع الرئيس مرسومًا.,B,وقع الرئيس الأمر.,,,,,,,
767,AR-GEN-023,ar-ru,general,افتُتح أمس جسر جديد يربط ضفتي النهر.,"Вчера открылся новый мост, соединяющий два берега реки.",B,"Вчера был открыт новый мост, соединяющий берега реки.",,,,,,,
768,RA-AMB-020,ru-ar,polysemy_idioms,После тяжёлого дня он спал без задних ног.,نام بعد يوم شاق نومًا عميقًا.,B,بعد يومٍ صعب نام دون أن يشعر بالتعب.,,,,,,,
769,RA-SCI-016,ru-ar,science_tech,"Если скорость реакции зависит от концентрации катализатора, то при её удвоении время реакции должно сократиться.",إذا كانت سرعة التفاعل تعتمد على تركيز العامل الحفاز، فينبغي أن يقصر زمن التفاعل عند مضاعفته.,B,إذا كانت سرعة التفاعل تعتمد على تركيز المحفز، فإن مضاعفة هذا التركيز يجب أن تؤدي إلى تقليل زمن التفاعل.,,,,,,,
770,RA-MIL-003,ru-ar,military,Войска отошли от линии соприкосновения.,انسحبت القوات من خط التماس.,B,انسحبت القوات عن خط التماس.,,,,,,,
771,RA-DIP-001,ru-ar,diplomatic,Посол вручил верительные грамоты.,قدّم السفير أوراق اعتماده.,A,قدم السفير أوراق اعتماده.,,,,,,,
772,RA-MIL-016,ru-ar,military,Соглашение о военно-техническом сотрудничестве предусматривает подготовку офицеров и совместное производство запасных частей.,تنص اتفاقية التعاون العسكري التقني على تدريب الضباط والإنتاج المشترك لقطع الغيار.,B,ينص الاتفاق بشأن التعاون العسكري والتقني على تدريب الضباط والتصنيع المشترك لقطع الغيار.,,,,,,,
773,RA-GEN-034,ru-ar,general,Городские власти решили отремонтировать старый мост.,قررت سلطات المدينة ترميم الجسر القديم.,B,قررت السلطات البلدية إصلاح الجسر القديم.,,,,,,,
774,AR-GEN-029,ar-ru,general,يقضي الأطفال عطلتهم الصيفية عند أجدادهم في الريف.,Летние каникулы дети проводят у бабушки с дедушкой в деревне.,A,Дети проводят летние каникулы у своих дедушек и бабушек в деревне.,,,,,,,
775,RA-GEN-026,ru-ar,general,"Она переехала в столицу, чтобы найти работу по специальности.",انتقلت إلى العاصمة لتجد عملًا في مجال تخصصها.,A,هاجرت إلى العاصمة للبحث عن وظيفة تتناسب مع تخصصها.,,,,,,,
776,RA-GEN-029,ru-ar,general,Каждое лето семья проводит отпуск в деревне у бабушки.,تقضي الأسرة إجازتها كل صيف في قرية الجدة.,B,يقضي كل صيف العائلة إجازتها في القرية عند الجدة.,,,,,,,
777,AR-SCI-005,ar-ru,science_tech,تعتمد الحواسيب الحديثة على أشباه الموصلات.,Современные компьютеры основаны на полупроводниках.,A,Современные компьютеры зависят от полупроводников.,,,,,,,
778,AR-DIP-004,ar-ru,diplomatic,انتهت الجولة الثالثة من المحادثات.,Завершился третий раунд переговоров.,A,Завершился третий раунд переговоров.,,,,,,,
779,AR-POL-019,ar-ru,official_political,طالبت المعارضة بإجراء انتخابات مبكرة.,Оппозиция потребовала провести досрочные выборы.,B,Оппозиция потребовала проведения ранних выборов.,,,,,,,
780,RA-POL-029,ru-ar,official_political,"Министерство юстиции подготовило поправки, которые запрещают государственным служащим занимать должности в коммерческих компаниях.",أعدّت وزارة العدل تعديلات تحظر على موظفي الدولة شغل مناصب في الشركات التجارية.,B,เตรียมการแก้ไขที่กระทรวงยุติธรรมจัดทำขึ้น ซึ่งห้ามให้เจ้าหน้าที่รัฐดำรงตำแหน่งในบริษัทเอกชน,,,,,,,
781,RA-DIP-017,ru-ar,diplomatic,"Посредники выразили надежду, что режим прекращения огня будет соблюдаться всеми сторонами и позволит доставить гуманитарную помощь.",أعرب الوسطاء عن أملهم في أن تلتزم جميع الأطراف بوقف إطلاق النار بما يتيح إيصال المساعدات الإنسانية.,B,عبّر الوسطاء عن أملهم بأن نظام التهدئة سيُحترم من جميع الأطراف وسيسمح بتوصيل المساعدات الإنسانية.,,,,,,,
782,RA-POL-014,ru-ar,official_political,Министр внутренних дел заявил о необходимости реформы полиции.,أكد وزير الداخلية ضرورة إصلاح جهاز الشرطة.,A,أعلن وزير الداخلية عن ضرورة إصلاح الشرطة.,,,,,,,
783,AR-MIL-014,ar-ru,military,ذكر بيان القيادة العامة أن المناورات ستستمر عشرة أيام بمشاركة وحدات برية وبحرية وجوية.,"В заявлении главного командования говорится, что учения продлятся десять дней с участием сухопутных, военно-морских и военно-воздушных подразделений.",B,"В заявлении Генерального штаба говорится, что учения продлятся десять дней с участием сухопутных, морских и авиационных подразделений.",,,,,,,
784,RA-GEN-007,ru-ar,general,Поезд опоздал на двадцать минут.,تأخر القطار عشرين دقيقة.,A,تأخر القطار عن موعده بعشرين دقيقة.,,,,,,,
785,AR-MIL-005,ar-ru,military,عاد الجنود إلى ثكناتهم.,Солдаты вернулись в казармы.,B,Вернулись солдаты в казармы.,,,,,,,
786,AR-MIL-010,ar-ru,military,وقّعت الدولتان صفقة لشراء منظومات دفاع جوي.,Две страны подписали сделку о закупке систем противовоздушной обороны.,B,Две страны подписали сделку на приобретение систем ПВО.,,,,,,,
787,AR-SCI-008,ar-ru,science_tech,تُستخدم تقنيات التعلم الآلي في تحليل الصور الطبية.,Методы машинного обучения применяются для анализа медицинских изображений.,B,Технологии машинного обучения используются для анализа медицинских изображений.,,,,,,,
788,AR-LIT-017,ar-ru,literary,كانت الكلمات تتساقط من قلمه كما تتساقط حبات المطر الأولى: بطيئة، مترددة، ثم غزيرة.,"Слова падали с его пера, как первые капли дождя: медленно, нерешительно, а затем — потоком.",A,"Слова сыпались с его пера, подобно первым каплям дождя: медленно, нерешительно, а затем обильно.",,,,,,,
789,RA-AMB-003,ru-ar,polysemy_idioms,лук,بصل / قوس,A,بصل,,,,,,,
790,RA-POL-007,ru-ar,official_political,Депутаты проголосовали за поправки к конституции.,صوّت النواب لصالح التعديلات الدستورية.,B,أحاط النواب بأصواتهم بالتعديلات الدستورية.,,,,,,,
791,AR-POL-001,ar-ru,official_political,أقرّ مجلس النواب الموازنة العامة.,Палата депутатов утвердила государственный бюджет.,B,Палата представителей утвердила государственный бюджет.,,,,,,,
792,AR-GEN-028,ar-ru,general,يزدحم السوق القديم بالزوار في أيام العطل.,В выходные дни старый рынок переполнен посетителями.,B,Старый рынок в дни каникул переполнен туристами.,,,,,,,
793,AR-AMB-020,ar-ru,polysemy_idioms,ما زالت المفاوضات جارية، ولم يُتفق بعد على الجدول الزمني.,"Переговоры всё ещё продолжаются, график пока не согласован.",A,"Переговоры всё ещё продолжаются, и пока не достигнуто соглашения по графику.",,,,,,,
794,AR-GEN-011,ar-ru,general,القطة نائمة على الكرسي.,Кошка спит на стуле.,A,Кошка спит на стуле.,,,,,,,
795,RA-LIT-010,ru-ar,literary,"Каждое слово давалось ей с трудом, словно она поднимала тяжёлые камни.",كانت كل كلمة تخرج منها بصعوبة، كأنها ترفع حجارة ثقيلة.,B,كانت تبذل جهدًا كبيرًا لقول كل كلمة، كأنها ترفع حجارة ثقيلة.,,,,,,,
796,AR-AMB-002,ar-ru,polysemy_idioms,سلام,мир / приветствие,B,Привет,,,,,,,
797,AR-POL-014,ar-ru,official_political,أكد رئيس الوزراء أن الحكومة ماضية في تنفيذ برنامج الإصلاح الاقتصادي.,"Премьер-министр заявил, что правительство продолжит осуществление программы экономических реформ.",A,"Премьер-министр подтвердил, что правительство продолжает реализацию программы экономических реформ.",,,,,,,
798,RA-POL-009,ru-ar,official_political,Партия победила на местных выборах.,فاز الحزب في الانتخابات المحلية.,B,فازت الحزب في الانتخابات المحلية.,,,,,,,
799,AR-NND-003,ar-ru,negation_numbers_dates_names,وُلد في 12 مارس 1990.,Он родился 12 марта 1990 года.,B,Родился 12 марта 1990 года.,,,,,,,
800,AR-MIL-006,ar-ru,military,زار رئيس الأركان الوحدات الحدودية.,Начальник генерального штаба посетил пограничные подразделения.,A,Верховный главнокомандующий посетил приграничные подразделения.,,,,,,,
